Fecha,Estrategia,Side,RSI,SAI_Score,SAI_Level,Accion
1970-01-01 00:29:00.390600,SCALPING_GAMMA,LONG,23.99571505088373,25,SAFE,ENTRADA_ESTANDAR
1970-01-01 00:29:01.180200,SCALPING_GAMMA,LONG,17.39130434782625,25,SAFE,ENTRADA_ESTANDAR
1970-01-01 00:29:01.687500,SCALPING_GAMMA,LONG,41.17647058823431,25,SAFE,ENTRADA_ESTANDAR
1970-01-01 00:29:02.378700,SCALPING_GAMMA,SHORT,96.58385093167703,35,CAUTION,ENTRADA_REDUCIDA_CAUTION
1970-01-01 00:29:03.445800,SCALPING_GAMMA,LONG,23.093734822729417,25,SAFE,ENTRADA_ESTANDAR
1970-01-01 00:29:03.453600,SCALPING_GAMMA,LONG,28.27586206896592,0,SAFE,ENTRADA_ESTANDAR
1970-01-01 00:29:03.476400,SCALPING_GAMMA,SHORT,81.48148148148178,0,SAFE,ENTRADA_ESTANDAR
1970-01-01 00:29:03.485700,SCALPING_GAMMA,SHORT,77.38095238095255,35,CAUTION,ENTRADA_REDUCIDA_CAUTION
1970-01-01 00:29:03.507300,SCALPING_GAMMA,LONG,18.87201735357884,25,SAFE,ENTRADA_ESTANDAR
1970-01-01 00:29:03.522300,SCALPING_GAMMA,SHORT,88.46737481031843,35,CAUTION,ENTRADA_REDUCIDA_CAUTION
1970-01-01 00:29:03.556800,SCALPING_GAMMA,LONG,25.120772946860143,0,SAFE,ENTRADA_ESTANDAR
1970-01-01 00:29:03.573000,SCALPING_GAMMA,LONG,3.8461538461542943,0,SAFE,ENTRADA_ESTANDAR
1970-01-01 00:29:03.594000,SCALPING_GAMMA,LONG,29.75778546712766,0,SAFE,ENTRADA_ESTANDAR
1970-01-01 00:29:03.609300,SCALPING_GAMMA,SHORT,71.42857142857147,55,CAUTION,ENTRADA_REDUCIDA_CAUTION
1970-01-01 00:29:03.629700,SCALPING_GAMMA,LONG,31.168831168831147,0,SAFE,ENTRADA_ESTANDAR
1970-01-01 00:29:03.632400,SCALPING_GAMMA,LONG,26.449787835926543,20,SAFE,ENTRADA_ESTANDAR
1970-01-01 00:29:03.635700,SCALPING_GAMMA,LONG,19.747416762342112,0,SAFE,ENTRADA_ESTANDAR
1970-01-01 00:29:03.643500,SCALPING_GAMMA,SHORT,80.5217391304345,55,CAUTION,ENTRADA_REDUCIDA_CAUTION
1970-01-01 00:29:03.656400,SCALPING_GAMMA,SHORT,75.33156498673767,35,CAUTION,ENTRADA_REDUCIDA_CAUTION
1970-01-01 00:29:03.663000,SCALPING_GAMMA,LONG,18.028169014084355,0,SAFE,ENTRADA_ESTANDAR
1970-01-01 00:29:03.678000,SCALPING_GAMMA,LONG,17.916666666666416,0,SAFE,ENTRADA_ESTANDAR
1970-01-01 00:29:03.684900,SCALPING_GAMMA,LONG,27.21962616822428,0,SAFE,ENTRADA_ESTANDAR
1970-01-01 00:29:03.696600,SCALPING_GAMMA,SHORT,72.9064039408864,55,CAUTION,ENTRADA_REDUCIDA_CAUTION
1970-01-01 00:29:03.731100,SCALPING_GAMMA,LONG,28.541226215645025,0,SAFE,ENTRADA_ESTANDAR
1970-01-01 00:29:03.763200,SCALPING_GAMMA,LONG,25.61448900388116,0,SAFE,ENTRADA_ESTANDAR
1970-01-01 00:29:03.765600,SCALPING_GAMMA,LONG,16.279069767441896,0,SAFE,ENTRADA_ESTANDAR
1970-01-01 00:29:03.793500,SCALPING_GAMMA,LONG,24.09381663112967,20,SAFE,ENTRADA_ESTANDAR
1970-01-01 00:29:03.810300,SCALPING_GAMMA,LONG,35.359116022099215,20,SAFE,ENTRADA_ESTANDAR
1970-01-01 00:29:03.850800,SCALPING_GAMMA,SHORT,73.15789473684227,35,CAUTION,ENTRADA_REDUCIDA_CAUTION
1970-01-01 00:29:03.861600,SCALPING_GAMMA,LONG,39.039039039039054,0,SAFE,ENTRADA_ESTANDAR
1970-01-01 00:29:03.884400,SCALPING_GAMMA,LONG,27.42474916387998,45,CAUTION,ENTRADA_REDUCIDA_CAUTION
1970-01-01 00:29:03.885600,SCALPING_GAMMA,LONG,40.44943820224742,0,SAFE,ENTRADA_ESTANDAR
1970-01-01 00:29:03.894900,SCALPING_GAMMA,SHORT,75.89928057553978,80,CRITICAL,BLOQUEADA_SAI_CRITICO
1970-01-01 00:29:03.895500,SCALPING_GAMMA,SHORT,74.58193979933125,25,SAFE,ENTRADA_ESTANDAR
1970-01-01 00:29:03.948300,SCALPING_GAMMA,LONG,34.73895582329287,25,SAFE,ENTRADA_ESTANDAR
1970-01-01 00:29:03.960000,SCALPING_GAMMA,LONG,26.83284457477977,0,SAFE,ENTRADA_ESTANDAR
1970-01-01 00:29:03.961800,SCALPING_GAMMA,LONG,27.577639751552425,20,SAFE,ENTRADA_ESTANDAR
1970-01-01 00:29:03.963300,SCALPING_GAMMA,LONG,22.547914317925304,0,SAFE,ENTRADA_ESTANDAR
1970-01-01 00:29:03.966900,SCALPING_GAMMA,LONG,21.51556156968856,25,SAFE,ENTRADA_ESTANDAR
1970-01-01 00:29:03.982200,SCALPING_GAMMA,LONG,37.815126050420375,0,SAFE,ENTRADA_ESTANDAR
1970-01-01 00:29:03.996000,SCALPING_GAMMA,LONG,26.45739910313887,0,SAFE,ENTRADA_ESTANDAR
1970-01-01 00:29:04.009200,SCALPING_GAMMA,LONG,15.568862275449035,0,SAFE,ENTRADA_ESTANDAR
1970-01-01 00:29:04.009800,SCALPING_GAMMA,LONG,18.75000000000001,0,SAFE,ENTRADA_ESTANDAR
1970-01-01 00:29:04.015800,SCALPING_GAMMA,SHORT,67.63565891472862,0,SAFE,ENTRADA_ESTANDAR
1970-01-01 00:29:04.035900,SCALPING_GAMMA,SHORT,72.81672816728157,35,CAUTION,ENTRADA_REDUCIDA_CAUTION
1970-01-01 00:29:04.038000,SCALPING_GAMMA,SHORT,66.92307692307679,45,CAUTION,ENTRADA_REDUCIDA_CAUTION
1970-01-01 00:29:04.049700,SCALPING_GAMMA,SHORT,82.47011952191248,35,CAUTION,ENTRADA_REDUCIDA_CAUTION
1970-01-01 00:29:04.066200,SCALPING_GAMMA,SHORT,78.76543209876516,35,CAUTION,ENTRADA_REDUCIDA_CAUTION
1970-01-01 00:29:04.077900,SCALPING_GAMMA,SHORT,83.45428156748929,35,CAUTION,ENTRADA_REDUCIDA_CAUTION
1970-01-01 00:29:04.088100,SCALPING_GAMMA,SHORT,77.4436090225563,0,SAFE,ENTRADA_ESTANDAR
1970-01-01 00:29:04.096500,SCALPING_GAMMA,LONG,23.783783783783733,0,SAFE,ENTRADA_ESTANDAR
1970-01-01 00:29:04.113600,SCALPING_GAMMA,SHORT,71.51639344262321,35,CAUTION,ENTRADA_REDUCIDA_CAUTION
1970-01-01 00:29:04.126500,SCALPING_GAMMA,LONG,32.03703703703698,20,SAFE,ENTRADA_ESTANDAR
1970-01-01 00:29:04.134000,SCALPING_GAMMA,LONG,38.55835240274601,45,CAUTION,ENTRADA_REDUCIDA_CAUTION
1970-01-01 00:29:04.162500,SCALPING_GAMMA,LONG,38.83792048929662,20,SAFE,ENTRADA_ESTANDAR
1970-01-01 00:29:04.174500,SCALPING_GAMMA,SHORT,70.37037037037028,55,CAUTION,ENTRADA_REDUCIDA_CAUTION
1970-01-01 00:29:04.221900,SCALPING_GAMMA,SHORT,82.40917782026774,35,CAUTION,ENTRADA_REDUCIDA_CAUTION
1970-01-01 00:29:04.222200,SCALPING_GAMMA,SHORT,84.08304498269902,35,CAUTION,ENTRADA_REDUCIDA_CAUTION
1970-01-01 00:29:04.223400,SCALPING_GAMMA,SHORT,75.84745762711857,35,CAUTION,ENTRADA_REDUCIDA_CAUTION
1970-01-01 00:29:04.230300,SCALPING_GAMMA,SHORT,71.21771217712137,35,CAUTION,ENTRADA_REDUCIDA_CAUTION
1970-01-01 00:29:04.232700,SCALPING_GAMMA,SHORT,76.03773584905646,55,CAUTION,ENTRADA_REDUCIDA_CAUTION
1970-01-01 00:29:04.242000,SCALPING_GAMMA,LONG,33.108108108108,20,SAFE,ENTRADA_ESTANDAR
1970-01-01 00:29:04.256400,SCALPING_GAMMA,LONG,16.7832167832168,0,SAFE,ENTRADA_ESTANDAR
1970-01-01 00:29:04.270800,SCALPING_GAMMA,LONG,27.871939736346462,0,SAFE,ENTRADA_ESTANDAR
1970-01-01 00:29:04.293000,SCALPING_GAMMA,LONG,31.366906474820325,0,SAFE,ENTRADA_ESTANDAR
1970-01-01 00:29:04.300500,SCALPING_GAMMA,LONG,14.476614699331948,0,SAFE,ENTRADA_ESTANDAR
1970-01-01 00:29:04.317900,SCALPING_GAMMA,SHORT,75.73099415204716,20,SAFE,ENTRADA_ESTANDAR
1970-01-01 00:29:04.352400,SCALPING_GAMMA,SHORT,63.80208333333325,0,SAFE,ENTRADA_ESTANDAR
1970-01-01 00:29:04.411200,SCALPING_GAMMA,LONG,23.11557788944752,20,SAFE,ENTRADA_ESTANDAR
1970-01-01 00:29:04.429200,SCALPING_GAMMA,LONG,24.864864864865385,45,CAUTION,ENTRADA_REDUCIDA_CAUTION
1970-01-01 00:29:04.431300,SCALPING_GAMMA,LONG,23.19749216300923,25,SAFE,ENTRADA_ESTANDAR
1970-01-01 00:29:04.446900,SCALPING_GAMMA,SHORT,73.07001795332157,55,CAUTION,ENTRADA_REDUCIDA_CAUTION
1970-01-01 00:29:04.464000,SCALPING_GAMMA,SHORT,60.28513238289191,0,SAFE,ENTRADA_ESTANDAR
1970-01-01 00:29:04.467300,SCALPING_GAMMA,SHORT,72.75862068965515,35,CAUTION,ENTRADA_REDUCIDA_CAUTION
1970-01-01 00:29:04.469400,SCALPING_GAMMA,SHORT,85.03816793893142,55,CAUTION,ENTRADA_REDUCIDA_CAUTION
1970-01-01 00:29:04.470000,SCALPING_GAMMA,SHORT,79.93579454253609,35,CAUTION,ENTRADA_REDUCIDA_CAUTION
1970-01-01 00:29:04.505100,SCALPING_GAMMA,LONG,39.14473684210452,20,SAFE,ENTRADA_ESTANDAR
1970-01-01 00:29:04.511700,SCALPING_GAMMA,LONG,22.222222222221973,0,SAFE,ENTRADA_ESTANDAR
1970-01-01 00:29:04.519200,SCALPING_GAMMA,LONG,21.45214521452164,20,SAFE,ENTRADA_ESTANDAR
1970-01-01 00:29:04.542900,SCALPING_GAMMA,LONG,22.55192878338248,0,SAFE,ENTRADA_ESTANDAR
1970-01-01 00:29:04.553100,SCALPING_GAMMA,LONG,26.422018348623865,0,SAFE,ENTRADA_ESTANDAR
1970-01-01 00:29:04.565400,SCALPING_GAMMA,SHORT,69.77329974811062,0,SAFE,ENTRADA_ESTANDAR
1970-01-01 00:29:04.567200,SCALPING_GAMMA,SHORT,74.18439716312041,35,CAUTION,ENTRADA_REDUCIDA_CAUTION
1970-01-01 00:29:04.574100,SCALPING_GAMMA,LONG,13.4674922600623,0,SAFE,ENTRADA_ESTANDAR
1970-01-01 00:29:04.580700,SCALPING_GAMMA,LONG,33.46774193548413,20,SAFE,ENTRADA_ESTANDAR
1970-01-01 00:29:04.602600,SCALPING_GAMMA,LONG,26.02409638554276,0,SAFE,ENTRADA_ESTANDAR
1970-01-01 00:29:04.611300,SCALPING_GAMMA,LONG,29.805013927577264,0,SAFE,ENTRADA_ESTANDAR
1970-01-01 00:29:04.647600,SCALPING_GAMMA,LONG,28.142076502732465,20,SAFE,ENTRADA_ESTANDAR
1970-01-01 00:29:04.683900,SCALPING_GAMMA,SHORT,62.46719160104999,0,SAFE,ENTRADA_ESTANDAR
1970-01-01 00:29:04.689600,SCALPING_GAMMA,SHORT,71.86311787072282,35,CAUTION,ENTRADA_REDUCIDA_CAUTION
1970-01-01 00:29:04.704900,SCALPING_GAMMA,SHORT,75.5244755244758,35,CAUTION,ENTRADA_REDUCIDA_CAUTION
1970-01-01 00:29:04.743900,SCALPING_GAMMA,LONG,30.81761006289331,20,SAFE,ENTRADA_ESTANDAR
1970-01-01 00:29:04.758600,SCALPING_GAMMA,LONG,36.390532544378445,25,SAFE,ENTRADA_ESTANDAR
1970-01-01 00:29:04.769700,SCALPING_GAMMA,SHORT,35.76982892690502,0,SAFE,ENTRADA_ESTANDAR
1970-01-01 00:29:04.777800,SCALPING_GAMMA,LONG,33.65695792880261,0,SAFE,ENTRADA_ESTANDAR
1970-01-01 00:29:04.809900,SCALPING_GAMMA,LONG,26.912928759894243,0,SAFE,ENTRADA_ESTANDAR
1970-01-01 00:29:04.821900,SCALPING_GAMMA,LONG,28.81040892193317,45,CAUTION,ENTRADA_REDUCIDA_CAUTION
1970-01-01 00:29:04.833600,SCALPING_GAMMA,SHORT,68.95213454075032,20,SAFE,ENTRADA_ESTANDAR
1970-01-01 00:29:04.866900,SCALPING_GAMMA,SHORT,83.1223628691981,20,SAFE,ENTRADA_ESTANDAR
1970-01-01 00:29:04.869300,SCALPING_GAMMA,SHORT,79.52218430034097,80,CRITICAL,BLOQUEADA_SAI_CRITICO
1970-01-01 00:29:04.870500,SCALPING_GAMMA,SHORT,73.80191693290686,60,CAUTION,ENTRADA_REDUCIDA_CAUTION
1970-01-01 00:29:04.893000,SCALPING_GAMMA,SHORT,71.00000000000024,35,CAUTION,ENTRADA_REDUCIDA_CAUTION
1970-01-01 00:29:04.910400,SCALPING_GAMMA,SHORT,70.89397089397079,35,CAUTION,ENTRADA_REDUCIDA_CAUTION
1970-01-01 00:29:04.917000,SCALPING_GAMMA,LONG,14.985590778097588,0,SAFE,ENTRADA_ESTANDAR
1970-01-01 00:29:04.918800,SCALPING_GAMMA,LONG,17.136150234741578,0,SAFE,ENTRADA_ESTANDAR
1970-01-01 00:29:04.965000,SCALPING_GAMMA,SHORT,70.37974683544357,35,CAUTION,ENTRADA_REDUCIDA_CAUTION
1970-01-01 00:29:04.989600,SCALPING_GAMMA,LONG,40.99999999999949,20,SAFE,ENTRADA_ESTANDAR
1970-01-01 00:29:05.031900,SCALPING_GAMMA,SHORT,68.58974358974362,20,SAFE,ENTRADA_ESTANDAR
1970-01-01 00:29:05.058900,SCALPING_GAMMA,LONG,26.76056338028205,0,SAFE,ENTRADA_ESTANDAR
1970-01-01 00:29:05.086800,SCALPING_GAMMA,SHORT,73.49081364829402,35,CAUTION,ENTRADA_REDUCIDA_CAUTION
1970-01-01 00:29:05.136900,SCALPING_GAMMA,LONG,36.75889328063267,25,SAFE,ENTRADA_ESTANDAR
1970-01-01 00:29:05.150100,SCALPING_GAMMA,LONG,40.7523510971787,25,SAFE,ENTRADA_ESTANDAR
1970-01-01 00:29:05.164800,SCALPING_GAMMA,LONG,27.155172413792428,20,SAFE,ENTRADA_ESTANDAR
1970-01-01 00:29:05.184900,SCALPING_GAMMA,LONG,25.629290617849364,0,SAFE,ENTRADA_ESTANDAR
1970-01-01 00:29:05.256600,SCALPING_GAMMA,LONG,24.566473988439185,25,SAFE,ENTRADA_ESTANDAR
1970-01-01 00:29:05.287800,SCALPING_GAMMA,SHORT,68.60254083484587,25,SAFE,ENTRADA_ESTANDAR
1970-01-01 00:29:05.307600,SCALPING_GAMMA,SHORT,78.22580645161314,35,CAUTION,ENTRADA_REDUCIDA_CAUTION
1970-01-01 00:29:05.326800,SCALPING_GAMMA,SHORT,77.69516728624555,0,SAFE,ENTRADA_ESTANDAR
1970-01-01 00:29:05.335200,SCALPING_GAMMA,SHORT,81.62692847124795,55,CAUTION,ENTRADA_REDUCIDA_CAUTION
1970-01-01 00:29:05.348400,SCALPING_GAMMA,SHORT,77.3809523809525,35,CAUTION,ENTRADA_REDUCIDA_CAUTION
1970-01-01 00:29:05.407800,SCALPING_GAMMA,SHORT,66.17210682492572,20,SAFE,ENTRADA_ESTANDAR
1970-01-01 00:29:05.436900,SCALPING_GAMMA,LONG,24.57142857142884,0,SAFE,ENTRADA_ESTANDAR
1970-01-01 00:29:05.437500,SCALPING_GAMMA,LONG,29.27689594356268,0,SAFE,ENTRADA_ESTANDAR
1970-01-01 00:29:05.445000,SCALPING_GAMMA,LONG,42.16867469879523,20,SAFE,ENTRADA_ESTANDAR
1970-01-01 00:29:05.449500,SCALPING_GAMMA,SHORT,87.4673629242822,0,SAFE,ENTRADA_ESTANDAR
1970-01-01 00:29:05.466300,SCALPING_GAMMA,LONG,29.279811097992905,0,SAFE,ENTRADA_ESTANDAR
1970-01-01 00:29:05.481600,SCALPING_GAMMA,LONG,40.51593323216992,25,SAFE,ENTRADA_ESTANDAR
1970-01-01 00:29:05.484900,SCALPING_GAMMA,LONG,31.687242798353708,45,CAUTION,ENTRADA_REDUCIDA_CAUTION
1970-01-01 00:29:05.509800,SCALPING_GAMMA,SHORT,72.9235880398671,55,CAUTION,ENTRADA_REDUCIDA_CAUTION
1970-01-01 00:29:05.521200,SCALPING_GAMMA,SHORT,60.68601583113469,0,SAFE,ENTRADA_ESTANDAR
1970-01-01 00:29:05.550300,SCALPING_GAMMA,LONG,31.88405797101443,20,SAFE,ENTRADA_ESTANDAR
1970-01-01 00:29:05.588100,SCALPING_GAMMA,LONG,29.545454545454305,20,SAFE,ENTRADA_ESTANDAR
1970-01-01 00:29:05.593800,SCALPING_GAMMA,SHORT,72.26074895977811,55,CAUTION,ENTRADA_REDUCIDA_CAUTION
1970-01-01 00:29:05.632200,SCALPING_GAMMA,SHORT,70.61403508771949,35,CAUTION,ENTRADA_REDUCIDA_CAUTION
1970-01-01 00:29:05.648400,SCALPING_GAMMA,SHORT,65.18324607329852,0,SAFE,ENTRADA_ESTANDAR
1970-01-01 00:29:05.660700,SCALPING_GAMMA,LONG,19.12479740680719,0,SAFE,ENTRADA_ESTANDAR
1970-01-01 00:29:05.669100,SCALPING_GAMMA,LONG,28.413284132841014,0,SAFE,ENTRADA_ESTANDAR
1970-01-01 00:29:05.681700,SCALPING_GAMMA,SHORT,75.20435967302453,35,CAUTION,ENTRADA_REDUCIDA_CAUTION
1970-01-01 00:29:05.713500,SCALPING_GAMMA,SHORT,87.65100671140955,35,CAUTION,ENTRADA_REDUCIDA_CAUTION
1970-01-01 00:29:05.719500,SCALPING_GAMMA,LONG,27.616279069767387,20,SAFE,ENTRADA_ESTANDAR
1970-01-01 00:29:05.731800,SCALPING_GAMMA,LONG,29.285714285714008,20,SAFE,ENTRADA_ESTANDAR
1970-01-01 00:29:05.757300,SCALPING_GAMMA,LONG,48.73417721519014,25,SAFE,ENTRADA_ESTANDAR
1970-01-01 00:29:05.768700,SCALPING_GAMMA,LONG,22.307692307691998,0,SAFE,ENTRADA_ESTANDAR
1970-01-01 00:29:05.778000,SCALPING_GAMMA,SHORT,72.51655629139108,55,CAUTION,ENTRADA_REDUCIDA_CAUTION
1970-01-01 00:29:05.783100,SCALPING_GAMMA,SHORT,89.79591836734741,55,CAUTION,ENTRADA_REDUCIDA_CAUTION
1970-01-01 00:29:05.799600,SCALPING_GAMMA,LONG,24.31077694235597,0,SAFE,ENTRADA_ESTANDAR
1970-01-01 00:29:05.808600,SCALPING_GAMMA,LONG,41.58415841584154,20,SAFE,ENTRADA_ESTANDAR
1970-01-01 00:29:05.823900,SCALPING_GAMMA,SHORT,71.54471544715416,80,CRITICAL,BLOQUEADA_SAI_CRITICO
1970-01-01 00:29:05.856000,SCALPING_GAMMA,LONG,25.710419485791636,0,SAFE,ENTRADA_ESTANDAR
1970-01-01 00:29:05.874000,SCALPING_GAMMA,LONG,22.862823061630195,0,SAFE,ENTRADA_ESTANDAR
1970-01-01 00:29:05.902500,SCALPING_GAMMA,LONG,17.587939698491766,25,SAFE,ENTRADA_ESTANDAR
1970-01-01 00:29:05.959200,SCALPING_GAMMA,LONG,30.86816720257211,0,SAFE,ENTRADA_ESTANDAR
1970-01-01 00:29:05.968800,SCALPING_GAMMA,LONG,18.48341232227449,0,SAFE,ENTRADA_ESTANDAR
1970-01-01 00:29:05.999700,SCALPING_GAMMA,LONG,19.485294117647115,0,SAFE,ENTRADA_ESTANDAR
1970-01-01 00:29:06.017700,SCALPING_GAMMA,LONG,22.59970457902486,0,SAFE,ENTRADA_ESTANDAR
1970-01-01 00:29:06.019200,SCALPING_GAMMA,LONG,17.730496453900486,20,SAFE,ENTRADA_ESTANDAR
1970-01-01 00:29:06.034500,SCALPING_GAMMA,SHORT,81.1403508771932,35,CAUTION,ENTRADA_REDUCIDA_CAUTION
1970-01-01 00:29:06.045900,SCALPING_GAMMA,SHORT,73.99577167019044,60,CAUTION,ENTRADA_REDUCIDA_CAUTION
1970-01-01 00:29:06.062100,SCALPING_GAMMA,SHORT,75.10729613733912,55,CAUTION,ENTRADA_REDUCIDA_CAUTION
1970-01-01 00:29:06.078900,SCALPING_GAMMA,SHORT,76.39344262295073,60,CAUTION,ENTRADA_REDUCIDA_CAUTION
1970-01-01 00:29:06.082800,SCALPING_GAMMA,LONG,29.259259259259096,25,SAFE,ENTRADA_ESTANDAR
1970-01-01 00:29:06.675900,SCALPING_GAMMA,LONG,22.38805970149285,25,SAFE,ENTRADA_ESTANDAR
1970-01-01 00:29:07.941000,SCALPING_GAMMA,SHORT,96.3653308480896,35,CAUTION,ENTRADA_REDUCIDA_CAUTION
1970-01-01 00:29:08.004000,SCALPING_GAMMA,LONG,13.840830449827038,0,SAFE,ENTRADA_ESTANDAR
1970-01-01 00:29:08.008800,SCALPING_GAMMA,SHORT,100.0,0,SAFE,ENTRADA_ESTANDAR
1970-01-01 00:29:08.034900,SCALPING_GAMMA,LONG,28.24791418355196,25,SAFE,ENTRADA_ESTANDAR
1970-01-01 00:29:08.066100,SCALPING_GAMMA,SHORT,82.23028105167705,35,CAUTION,ENTRADA_REDUCIDA_CAUTION
1970-01-01 00:29:08.118000,SCALPING_GAMMA,LONG,8.909090909090608,0,SAFE,ENTRADA_ESTANDAR
1970-01-01 00:29:08.245800,SCALPING_GAMMA,LONG,20.046216060080766,25,SAFE,ENTRADA_ESTANDAR
1970-01-01 00:29:08.275500,SCALPING_GAMMA,LONG,53.793103448276206,25,SAFE,ENTRADA_ESTANDAR
1970-01-01 00:29:08.283000,SCALPING_GAMMA,SHORT,97.84946236559324,35,CAUTION,ENTRADA_REDUCIDA_CAUTION
1970-01-01 00:29:08.337300,SCALPING_GAMMA,SHORT,82.7368421052633,60,CAUTION,ENTRADA_REDUCIDA_CAUTION
1970-01-01 00:29:08.379300,SCALPING_GAMMA,LONG,74.8939179632249,0,SAFE,ENTRADA_ESTANDAR
1970-01-01 00:29:08.386500,SCALPING_GAMMA,LONG,25.70462232243501,20,SAFE,ENTRADA_ESTANDAR
1970-01-01 00:29:08.397300,SCALPING_GAMMA,SHORT,84.2209072978309,35,CAUTION,ENTRADA_REDUCIDA_CAUTION
1970-01-01 00:29:08.411400,SCALPING_GAMMA,SHORT,79.63800904977408,35,CAUTION,ENTRADA_REDUCIDA_CAUTION
1970-01-01 00:29:08.587800,SCALPING_GAMMA,LONG,18.20809248554903,25,SAFE,ENTRADA_ESTANDAR
1970-01-01 00:29:08.648100,SCALPING_GAMMA,LONG,0.0,0,SAFE,ENTRADA_ESTANDAR
1970-01-01 00:29:08.693400,SCALPING_GAMMA,LONG,13.02395209580844,20,SAFE,ENTRADA_ESTANDAR
1970-01-01 00:29:08.742000,SCALPING_GAMMA,LONG,9.259259259261,0,SAFE,ENTRADA_ESTANDAR
1970-01-01 00:29:08.804400,SCALPING_GAMMA,LONG,22.016936104695844,45,CAUTION,ENTRADA_REDUCIDA_CAUTION
1970-01-01 00:29:09.014400,SCALPING_GAMMA,LONG,17.991631799163144,0,SAFE,ENTRADA_ESTANDAR
1970-01-01 00:29:09.049200,SCALPING_GAMMA,LONG,15.183387270765891,25,SAFE,ENTRADA_ESTANDAR
1970-01-01 00:29:09.064500,SCALPING_GAMMA,SHORT,90.2061855670104,60,CAUTION,ENTRADA_REDUCIDA_CAUTION
1970-01-01 00:29:09.107100,SCALPING_GAMMA,SHORT,91.99561403508773,60,CAUTION,ENTRADA_REDUCIDA_CAUTION
1970-01-01 00:29:09.151200,SCALPING_GAMMA,SHORT,89.95524614619588,35,CAUTION,ENTRADA_REDUCIDA_CAUTION
1970-01-01 00:29:09.156300,SCALPING_GAMMA,LONG,14.018191546281455,25,SAFE,ENTRADA_ESTANDAR
1970-01-01 00:29:09.187500,SCALPING_GAMMA,LONG,23.71910789632309,0,SAFE,ENTRADA_ESTANDAR
1970-01-01 00:29:09.269700,SCALPING_GAMMA,LONG,100.0,25,SAFE,ENTRADA_ESTANDAR
1970-01-01 00:29:09.340200,SCALPING_GAMMA,LONG,14.94149414941515,25,SAFE,ENTRADA_ESTANDAR
1970-01-01 00:29:09.523200,SCALPING_GAMMA,LONG,5.786350148367802,25,SAFE,ENTRADA_ESTANDAR
1970-01-01 00:29:09.537600,SCALPING_GAMMA,LONG,17.541436464088264,0,SAFE,ENTRADA_ESTANDAR
1970-01-01 00:29:09.562200,SCALPING_GAMMA,SHORT,90.21575514300054,35,CAUTION,ENTRADA_REDUCIDA_CAUTION
1970-01-01 00:29:09.567900,SCALPING_GAMMA,LONG,10.52631578947387,25,SAFE,ENTRADA_ESTANDAR
1970-01-01 00:29:09.653700,SCALPING_GAMMA,SHORT,85.14851485148526,35,CAUTION,ENTRADA_REDUCIDA_CAUTION
1970-01-01 00:29:09.705600,SCALPING_GAMMA,LONG,50.0,25,SAFE,ENTRADA_ESTANDAR
1970-01-01 00:29:09.738600,SCALPING_GAMMA,LONG,43.956043956043,25,SAFE,ENTRADA_ESTANDAR
1970-01-01 00:29:09.785400,SCALPING_GAMMA,LONG,19.57831325301225,25,SAFE,ENTRADA_ESTANDAR
1970-01-01 00:29:09.811200,SCALPING_GAMMA,SHORT,94.852941176471,35,CAUTION,ENTRADA_REDUCIDA_CAUTION
1970-01-01 00:29:09.871200,SCALPING_GAMMA,SHORT,93.63295880149757,35,CAUTION,ENTRADA_REDUCIDA_CAUTION
1970-01-01 00:29:09.885900,SCALPING_GAMMA,SHORT,73.26732673267408,60,CAUTION,ENTRADA_REDUCIDA_CAUTION
1970-01-01 00:29:09.887100,SCALPING_GAMMA,LONG,19.45945945945907,25,SAFE,ENTRADA_ESTANDAR
1970-01-01 00:29:09.888600,SCALPING_GAMMA,LONG,27.31707317073159,0,SAFE,ENTRADA_ESTANDAR
1970-01-01 00:29:09.889800,SCALPING_GAMMA,LONG,25.85961921000286,25,SAFE,ENTRADA_ESTANDAR
1970-01-01 00:29:09.908700,SCALPING_GAMMA,LONG,10.099337748344396,25,SAFE,ENTRADA_ESTANDAR
1970-01-01 00:29:09.929700,SCALPING_GAMMA,LONG,7.547169811321709,0,SAFE,ENTRADA_ESTANDAR
1970-01-01 00:29:10.020600,SCALPING_GAMMA,LONG,10.506912442396228,0,SAFE,ENTRADA_ESTANDAR
1970-01-01 00:29:10.022100,SCALPING_GAMMA,LONG,60.13957307060757,20,SAFE,ENTRADA_ESTANDAR
1970-01-01 00:29:10.044000,SCALPING_GAMMA,LONG,44.94068387997212,45,CAUTION,ENTRADA_REDUCIDA_CAUTION
1970-01-01 00:29:10.052400,SCALPING_GAMMA,SHORT,67.40890688259117,0,SAFE,ENTRADA_ESTANDAR
1970-01-01 00:29:10.061400,SCALPING_GAMMA,SHORT,76.59574468085137,35,CAUTION,ENTRADA_REDUCIDA_CAUTION
1970-01-01 00:29:10.088700,SCALPING_GAMMA,SHORT,72.23719676549923,35,CAUTION,ENTRADA_REDUCIDA_CAUTION
1970-01-01 00:29:10.111500,SCALPING_GAMMA,LONG,19.778699861687457,25,SAFE,ENTRADA_ESTANDAR
1970-01-01 00:29:10.119300,SCALPING_GAMMA,LONG,27.045985970382034,45,CAUTION,ENTRADA_REDUCIDA_CAUTION
1970-01-01 00:29:10.155300,SCALPING_GAMMA,SHORT,70.19047619047623,35,CAUTION,ENTRADA_REDUCIDA_CAUTION
1970-01-01 00:29:13.726800,SCALPING_GAMMA,LONG,23.79807692307733,25,SAFE,ENTRADA_ESTANDAR
1970-01-01 00:29:14.995500,SCALPING_GAMMA,LONG,26.08695652172624,25,SAFE,ENTRADA_ESTANDAR
1970-01-01 00:29:15.031500,SCALPING_GAMMA,SHORT,72.30379746835438,35,CAUTION,ENTRADA_REDUCIDA_CAUTION
1970-01-01 00:29:15.059100,SCALPING_GAMMA,SHORT,83.33333333334123,60,CAUTION,ENTRADA_REDUCIDA_CAUTION
1970-01-01 00:29:15.265800,SCALPING_GAMMA,LONG,84.80845442536345,45,CAUTION,ENTRADA_REDUCIDA_CAUTION
1970-01-01 00:29:15.271500,SCALPING_GAMMA,LONG,19.29595827900873,0,SAFE,ENTRADA_ESTANDAR
1970-01-01 00:29:15.275700,SCALPING_GAMMA,LONG,18.76379690949265,0,SAFE,ENTRADA_ESTANDAR
1970-01-01 00:29:15.277800,SCALPING_GAMMA,SHORT,75.82417582417554,35,CAUTION,ENTRADA_REDUCIDA_CAUTION
1970-01-01 00:29:15.282900,SCALPING_GAMMA,SHORT,14.371257485027924,0,SAFE,ENTRADA_ESTANDAR
1970-01-01 00:29:15.291900,SCALPING_GAMMA,SHORT,92.40214888718374,35,CAUTION,ENTRADA_REDUCIDA_CAUTION
1970-01-01 00:29:15.297600,SCALPING_GAMMA,SHORT,78.02631578947376,35,CAUTION,ENTRADA_REDUCIDA_CAUTION
1970-01-01 00:29:15.309900,SCALPING_GAMMA,SHORT,86.65338645418346,35,CAUTION,ENTRADA_REDUCIDA_CAUTION
1970-01-01 00:29:15.424200,SCALPING_GAMMA,SHORT,74.35897435897448,35,CAUTION,ENTRADA_REDUCIDA_CAUTION
1970-01-01 00:29:15.490800,SCALPING_GAMMA,SHORT,88.23038397328904,35,CAUTION,ENTRADA_REDUCIDA_CAUTION
1970-01-01 00:29:15.504900,SCALPING_GAMMA,SHORT,83.5926449787839,60,CAUTION,ENTRADA_REDUCIDA_CAUTION
1970-01-01 00:29:15.586500,SCALPING_GAMMA,LONG,100.0,25,SAFE,ENTRADA_ESTANDAR
1970-01-01 00:29:15.615300,SCALPING_GAMMA,LONG,33.57271095152616,0,SAFE,ENTRADA_ESTANDAR
1970-01-01 00:29:15.648300,SCALPING_GAMMA,LONG,33.56643356643336,20,SAFE,ENTRADA_ESTANDAR
1970-01-01 00:29:15.659700,SCALPING_GAMMA,SHORT,89.79591836734689,35,CAUTION,ENTRADA_REDUCIDA_CAUTION
1970-01-01 00:29:15.672600,SCALPING_GAMMA,SHORT,69.64980544747026,25,SAFE,ENTRADA_ESTANDAR
1970-01-01 00:29:15.696300,SCALPING_GAMMA,LONG,29.834254143646035,0,SAFE,ENTRADA_ESTANDAR
1970-01-01 00:29:15.720300,SCALPING_GAMMA,SHORT,80.18018018018036,35,CAUTION,ENTRADA_REDUCIDA_CAUTION
1970-01-01 00:29:15.721200,SCALPING_GAMMA,SHORT,93.60269360269368,60,CAUTION,ENTRADA_REDUCIDA_CAUTION
1970-01-01 00:29:15.758400,SCALPING_GAMMA,LONG,6.521739130433261,0,SAFE,ENTRADA_ESTANDAR
1970-01-01 00:29:15.795600,SCALPING_GAMMA,LONG,27.63532763532767,0,SAFE,ENTRADA_ESTANDAR
1970-01-01 00:29:15.820200,SCALPING_GAMMA,LONG,38.517441860465325,20,SAFE,ENTRADA_ESTANDAR
1970-01-01 00:29:15.834600,SCALPING_GAMMA,LONG,21.29455909943705,0,SAFE,ENTRADA_ESTANDAR
1970-01-01 00:29:15.855600,SCALPING_GAMMA,LONG,16.144975288302675,0,SAFE,ENTRADA_ESTANDAR
1970-01-01 00:29:15.864900,SCALPING_GAMMA,LONG,25.87131367292278,0,SAFE,ENTRADA_ESTANDAR
1970-01-01 00:29:15.875700,SCALPING_GAMMA,SHORT,65.43438077634018,0,SAFE,ENTRADA_ESTANDAR
1970-01-01 00:29:15.887100,SCALPING_GAMMA,SHORT,71.44906743185112,55,CAUTION,ENTRADA_REDUCIDA_CAUTION
1970-01-01 00:29:15.888600,SCALPING_GAMMA,SHORT,83.5807860262009,35,CAUTION,ENTRADA_REDUCIDA_CAUTION
1970-01-01 00:29:15.924600,SCALPING_GAMMA,SHORT,75.77433628318592,35,CAUTION,ENTRADA_REDUCIDA_CAUTION
1970-01-01 00:29:15.938100,SCALPING_GAMMA,LONG,31.529209621993477,20,SAFE,ENTRADA_ESTANDAR
1970-01-01 00:29:15.956400,SCALPING_GAMMA,SHORT,61.90114068441064,25,SAFE,ENTRADA_ESTANDAR
1970-01-01 00:29:15.963600,SCALPING_GAMMA,LONG,21.355060034305254,0,SAFE,ENTRADA_ESTANDAR
1970-01-01 00:29:16.020300,SCALPING_GAMMA,LONG,37.15846994535458,20,SAFE,ENTRADA_ESTANDAR
1970-01-01 00:29:16.032300,SCALPING_GAMMA,LONG,25.128205128204826,20,SAFE,ENTRADA_ESTANDAR
1970-01-01 00:29:16.048800,SCALPING_GAMMA,SHORT,72.29326513213985,35,CAUTION,ENTRADA_REDUCIDA_CAUTION
1970-01-01 00:29:16.061100,SCALPING_GAMMA,SHORT,89.09313725490216,55,CAUTION,ENTRADA_REDUCIDA_CAUTION
1970-01-01 00:29:16.079400,SCALPING_GAMMA,SHORT,55.12010113780018,0,SAFE,ENTRADA_ESTANDAR
1970-01-01 00:29:16.097100,SCALPING_GAMMA,LONG,21.18055555555541,0,SAFE,ENTRADA_ESTANDAR
1970-01-01 00:29:16.105500,SCALPING_GAMMA,LONG,24.26666666666644,0,SAFE,ENTRADA_ESTANDAR
1970-01-01 00:29:16.108800,SCALPING_GAMMA,LONG,25.728155339805724,0,SAFE,ENTRADA_ESTANDAR
1970-01-01 00:29:16.147500,SCALPING_GAMMA,LONG,7.161803713528812,0,SAFE,ENTRADA_ESTANDAR
1970-01-01 00:29:16.154700,SCALPING_GAMMA,LONG,46.02960969044437,25,SAFE,ENTRADA_ESTANDAR
1970-01-01 00:29:16.199700,SCALPING_GAMMA,LONG,35.023041474654576,25,SAFE,ENTRADA_ESTANDAR
1970-01-01 00:29:16.225200,SCALPING_GAMMA,LONG,27.904849039341343,0,SAFE,ENTRADA_ESTANDAR
1970-01-01 00:29:16.259700,SCALPING_GAMMA,LONG,53.11778290993056,20,SAFE,ENTRADA_ESTANDAR
1970-01-01 00:29:16.281600,SCALPING_GAMMA,LONG,19.04761904761993,0,SAFE,ENTRADA_ESTANDAR
1970-01-01 00:29:16.301700,SCALPING_GAMMA,LONG,17.400419287211477,0,SAFE,ENTRADA_ESTANDAR
1970-01-01 00:29:16.313400,SCALPING_GAMMA,LONG,7.881773399014719,0,SAFE,ENTRADA_ESTANDAR
1970-01-01 00:29:16.332600,SCALPING_GAMMA,LONG,4.784688995213855,0,SAFE,ENTRADA_ESTANDAR
1970-01-01 00:29:16.357200,SCALPING_GAMMA,SHORT,94.89489489489524,60,CAUTION,ENTRADA_REDUCIDA_CAUTION
1970-01-01 00:29:16.382100,SCALPING_GAMMA,LONG,43.04347826086976,0,SAFE,ENTRADA_ESTANDAR
1970-01-01 00:29:16.389600,SCALPING_GAMMA,LONG,27.54010695187162,0,SAFE,ENTRADA_ESTANDAR
1970-01-01 00:29:16.446300,SCALPING_GAMMA,LONG,100.0,0,SAFE,ENTRADA_ESTANDAR
1970-01-01 00:29:16.450200,SCALPING_GAMMA,LONG,6.864064602960895,25,SAFE,ENTRADA_ESTANDAR
1970-01-01 00:29:16.450800,SCALPING_GAMMA,LONG,15.182648401826428,25,SAFE,ENTRADA_ESTANDAR
1970-01-01 00:29:16.454100,SCALPING_GAMMA,LONG,17.905918057662745,0,SAFE,ENTRADA_ESTANDAR
1970-01-01 00:29:16.482000,SCALPING_GAMMA,SHORT,82.37951807228959,25,SAFE,ENTRADA_ESTANDAR
1970-01-01 00:29:16.483200,SCALPING_GAMMA,SHORT,69.68152866242082,25,SAFE,ENTRADA_ESTANDAR
1970-01-01 00:29:16.504200,SCALPING_GAMMA,SHORT,78.91077636152949,60,CAUTION,ENTRADA_REDUCIDA_CAUTION
1970-01-01 00:29:16.504500,SCALPING_GAMMA,SHORT,79.52755905511816,35,CAUTION,ENTRADA_REDUCIDA_CAUTION
1970-01-01 00:29:16.515900,SCALPING_GAMMA,LONG,11.968085106382716,20,SAFE,ENTRADA_ESTANDAR
1970-01-01 00:29:16.560900,SCALPING_GAMMA,LONG,13.286713286713564,0,SAFE,ENTRADA_ESTANDAR
1970-01-01 00:29:16.566900,SCALPING_GAMMA,SHORT,70.69892473118324,35,CAUTION,ENTRADA_REDUCIDA_CAUTION
1970-01-01 00:29:16.650000,SCALPING_GAMMA,LONG,13.819577735124255,0,SAFE,ENTRADA_ESTANDAR
1970-01-01 00:29:16.656300,SCALPING_GAMMA,SHORT,83.33333333333333,35,CAUTION,ENTRADA_REDUCIDA_CAUTION
1970-01-01 00:29:16.659900,SCALPING_GAMMA,LONG,21.79104477611979,0,SAFE,ENTRADA_ESTANDAR
1970-01-01 00:29:16.663800,SCALPING_GAMMA,SHORT,69.4390715667312,25,SAFE,ENTRADA_ESTANDAR
1970-01-01 00:29:16.681500,SCALPING_GAMMA,LONG,20.666666666667552,0,SAFE,ENTRADA_ESTANDAR
1970-01-01 00:29:16.682100,SCALPING_GAMMA,LONG,18.75000000000091,0,SAFE,ENTRADA_ESTANDAR
1970-01-01 00:29:16.684500,SCALPING_GAMMA,LONG,19.613259668506743,0,SAFE,ENTRADA_ESTANDAR
1970-01-01 00:29:16.684800,SCALPING_GAMMA,LONG,14.347826086956104,0,SAFE,ENTRADA_ESTANDAR
1970-01-01 00:29:16.693800,SCALPING_GAMMA,SHORT,89.7071129707113,60,CAUTION,ENTRADA_REDUCIDA_CAUTION
1970-01-01 00:29:16.749900,SCALPING_GAMMA,LONG,9.32539682539631,25,SAFE,ENTRADA_ESTANDAR
1970-01-01 00:29:16.761000,SCALPING_GAMMA,LONG,29.76054732041051,0,SAFE,ENTRADA_ESTANDAR
1970-01-01 00:29:16.763700,SCALPING_GAMMA,LONG,10.966057441253554,0,SAFE,ENTRADA_ESTANDAR
1970-01-01 00:29:16.800000,SCALPING_GAMMA,LONG,25.71785268414521,25,SAFE,ENTRADA_ESTANDAR
1970-01-01 00:29:16.818600,SCALPING_GAMMA,LONG,15.78947368421096,0,SAFE,ENTRADA_ESTANDAR
1970-01-01 00:29:16.821900,SCALPING_GAMMA,SHORT,78.15333882934864,55,CAUTION,ENTRADA_REDUCIDA_CAUTION
1970-01-01 00:29:16.835100,SCALPING_GAMMA,SHORT,72.33532934131722,35,CAUTION,ENTRADA_REDUCIDA_CAUTION
1970-01-01 00:29:16.846200,SCALPING_GAMMA,SHORT,76.50349650349675,55,CAUTION,ENTRADA_REDUCIDA_CAUTION
1970-01-01 00:29:16.894200,SCALPING_GAMMA,SHORT,83.11258278145652,20,SAFE,ENTRADA_ESTANDAR
1970-01-01 00:29:16.905900,SCALPING_GAMMA,SHORT,67.8160919540233,0,SAFE,ENTRADA_ESTANDAR
1970-01-01 00:29:16.929600,SCALPING_GAMMA,SHORT,68.56649395509454,0,SAFE,ENTRADA_ESTANDAR
1970-01-01 00:29:16.950900,SCALPING_GAMMA,LONG,48.26789838337147,25,SAFE,ENTRADA_ESTANDAR
1970-01-01 00:29:16.960800,SCALPING_GAMMA,LONG,28.3653846153846,0,SAFE,ENTRADA_ESTANDAR
1970-01-01 00:29:16.981200,SCALPING_GAMMA,SHORT,86.48648648648633,35,CAUTION,ENTRADA_REDUCIDA_CAUTION
1970-01-01 00:29:17.058600,SCALPING_GAMMA,SHORT,85.17699115044225,55,CAUTION,ENTRADA_REDUCIDA_CAUTION
1970-01-01 00:29:17.085300,SCALPING_GAMMA,LONG,19.35246504782896,20,SAFE,ENTRADA_ESTANDAR
1970-01-01 00:29:17.110800,SCALPING_GAMMA,LONG,14.525139664805607,25,SAFE,ENTRADA_ESTANDAR
1970-01-01 00:29:17.118000,SCALPING_GAMMA,LONG,40.89347079037688,20,SAFE,ENTRADA_ESTANDAR
1970-01-01 00:29:17.154600,SCALPING_GAMMA,LONG,31.174089068825552,0,SAFE,ENTRADA_ESTANDAR
1970-01-01 00:29:17.168100,SCALPING_GAMMA,SHORT,79.09836065573622,80,CRITICAL,BLOQUEADA_SAI_CRITICO
1970-01-01 00:29:17.169300,SCALPING_GAMMA,SHORT,74.50980392156796,60,CAUTION,ENTRADA_REDUCIDA_CAUTION
1970-01-01 00:29:17.221800,SCALPING_GAMMA,SHORT,64.89361702127624,0,SAFE,ENTRADA_ESTANDAR
1970-01-01 00:29:17.250300,SCALPING_GAMMA,LONG,20.76677316293899,0,SAFE,ENTRADA_ESTANDAR
1970-01-01 00:29:17.288400,SCALPING_GAMMA,SHORT,79.06976744186056,80,CRITICAL,BLOQUEADA_SAI_CRITICO
1970-01-01 00:29:17.307600,SCALPING_GAMMA,LONG,26.185101580136237,0,SAFE,ENTRADA_ESTANDAR
1970-01-01 00:29:17.323500,SCALPING_GAMMA,SHORT,74.69879518072344,0,SAFE,ENTRADA_ESTANDAR
1970-01-01 00:29:17.335800,SCALPING_GAMMA,SHORT,74.59283387622165,35,CAUTION,ENTRADA_REDUCIDA_CAUTION
1970-01-01 00:29:17.370600,SCALPING_GAMMA,SHORT,89.30481283422507,35,CAUTION,ENTRADA_REDUCIDA_CAUTION
1970-01-01 00:29:17.385000,SCALPING_GAMMA,LONG,33.777777777777374,0,SAFE,ENTRADA_ESTANDAR
1970-01-01 00:29:17.433300,SCALPING_GAMMA,LONG,24.399999999999796,0,SAFE,ENTRADA_ESTANDAR
1970-01-01 00:29:17.532000,SCALPING_GAMMA,LONG,17.180616740087785,0,SAFE,ENTRADA_ESTANDAR
1970-01-01 00:29:17.562300,SCALPING_GAMMA,SHORT,80.99009900990144,35,CAUTION,ENTRADA_REDUCIDA_CAUTION
1970-01-01 00:29:17.577600,SCALPING_GAMMA,LONG,27.54385964912275,0,SAFE,ENTRADA_ESTANDAR
1970-01-01 00:29:17.620500,SCALPING_GAMMA,SHORT,77.09090909090926,35,CAUTION,ENTRADA_REDUCIDA_CAUTION
1970-01-01 00:29:17.631600,SCALPING_GAMMA,SHORT,77.21088435374138,35,CAUTION,ENTRADA_REDUCIDA_CAUTION
1970-01-01 00:29:17.657400,SCALPING_GAMMA,SHORT,84.01697312588406,35,CAUTION,ENTRADA_REDUCIDA_CAUTION
1970-01-01 00:29:17.675100,SCALPING_GAMMA,SHORT,90.83333333333329,35,CAUTION,ENTRADA_REDUCIDA_CAUTION
1970-01-01 00:29:17.701500,SCALPING_GAMMA,SHORT,82.97872340425498,55,CAUTION,ENTRADA_REDUCIDA_CAUTION
1970-01-01 00:29:17.716800,SCALPING_GAMMA,SHORT,77.89473684210596,35,CAUTION,ENTRADA_REDUCIDA_CAUTION
1970-01-01 00:29:17.759100,SCALPING_GAMMA,SHORT,61.75869120654448,25,SAFE,ENTRADA_ESTANDAR
1970-01-01 00:29:17.781900,SCALPING_GAMMA,LONG,26.37795275590487,0,SAFE,ENTRADA_ESTANDAR
1970-01-01 00:29:17.812800,SCALPING_GAMMA,LONG,16.881028938906255,0,SAFE,ENTRADA_ESTANDAR
1970-01-01 00:29:17.823900,SCALPING_GAMMA,LONG,26.724137931034164,20,SAFE,ENTRADA_ESTANDAR
1970-01-01 00:29:17.850600,SCALPING_GAMMA,LONG,20.07104795737115,0,SAFE,ENTRADA_ESTANDAR
1970-01-01 00:29:17.872500,SCALPING_GAMMA,SHORT,82.58317025440252,35,CAUTION,ENTRADA_REDUCIDA_CAUTION
1970-01-01 00:29:17.894700,SCALPING_GAMMA,LONG,17.659574468085026,0,SAFE,ENTRADA_ESTANDAR
1970-01-01 00:29:17.919600,SCALPING_GAMMA,LONG,29.455081001472664,0,SAFE,ENTRADA_ESTANDAR
1970-01-01 00:29:17.925900,SCALPING_GAMMA,LONG,18.805590851333815,0,SAFE,ENTRADA_ESTANDAR
1970-01-01 00:29:17.969400,SCALPING_GAMMA,SHORT,74.17417417417447,55,CAUTION,ENTRADA_REDUCIDA_CAUTION
1970-01-01 00:29:17.990700,SCALPING_GAMMA,LONG,33.48623853211082,0,SAFE,ENTRADA_ESTANDAR
1970-01-01 00:29:18.032700,SCALPING_GAMMA,LONG,23.2978723404251,0,SAFE,ENTRADA_ESTANDAR
1970-01-01 00:29:18.083100,SCALPING_GAMMA,LONG,6.534090909091347,0,SAFE,ENTRADA_ESTANDAR
1970-01-01 00:29:18.117000,SCALPING_GAMMA,LONG,37.608695652174426,20,SAFE,ENTRADA_ESTANDAR
1970-01-01 00:29:18.139200,SCALPING_GAMMA,SHORT,87.93264733395725,20,SAFE,ENTRADA_ESTANDAR
1970-01-01 00:29:18.147600,SCALPING_GAMMA,SHORT,94.07821229050248,55,CAUTION,ENTRADA_REDUCIDA_CAUTION
1970-01-01 00:29:18.167400,SCALPING_GAMMA,SHORT,73.13432835820882,35,CAUTION,ENTRADA_REDUCIDA_CAUTION
1970-01-01 00:29:18.185100,SCALPING_GAMMA,SHORT,79.99999999999983,35,CAUTION,ENTRADA_REDUCIDA_CAUTION
1970-01-01 00:29:18.216600,SCALPING_GAMMA,SHORT,74.45887445887433,35,CAUTION,ENTRADA_REDUCIDA_CAUTION
1970-01-01 00:29:18.270300,SCALPING_GAMMA,SHORT,74.99999999999955,35,CAUTION,ENTRADA_REDUCIDA_CAUTION
1970-01-01 00:29:18.296400,SCALPING_GAMMA,LONG,31.40132061628755,20,SAFE,ENTRADA_ESTANDAR
1970-01-01 00:29:18.305100,SCALPING_GAMMA,LONG,17.990275526741883,0,SAFE,ENTRADA_ESTANDAR
1970-01-01 00:29:18.362700,SCALPING_GAMMA,LONG,9.010989010989547,0,SAFE,ENTRADA_ESTANDAR
1970-01-01 00:29:18.447900,SCALPING_GAMMA,LONG,21.90476190476204,0,SAFE,ENTRADA_ESTANDAR
1970-01-01 00:29:18.481500,SCALPING_GAMMA,SHORT,57.19557195571981,0,SAFE,ENTRADA_ESTANDAR
1970-01-01 00:29:18.489300,SCALPING_GAMMA,LONG,23.07692307692234,0,SAFE,ENTRADA_ESTANDAR
1970-01-01 00:29:18.503100,SCALPING_GAMMA,LONG,18.86792452830184,0,SAFE,ENTRADA_ESTANDAR
1970-01-01 00:29:18.510300,SCALPING_GAMMA,LONG,21.916010498687697,25,SAFE,ENTRADA_ESTANDAR
1970-01-01 00:29:18.521400,SCALPING_GAMMA,LONG,14.149821640903513,0,SAFE,ENTRADA_ESTANDAR
1970-01-01 00:29:18.535200,SCALPING_GAMMA,LONG,27.862595419847253,20,SAFE,ENTRADA_ESTANDAR
1970-01-01 00:29:18.544500,SCALPING_GAMMA,SHORT,60.80508474576298,0,SAFE,ENTRADA_ESTANDAR
1970-01-01 00:29:18.569100,SCALPING_GAMMA,LONG,24.57420924574214,0,SAFE,ENTRADA_ESTANDAR
1970-01-01 00:29:18.577500,SCALPING_GAMMA,SHORT,64.61038961038959,0,SAFE,ENTRADA_ESTANDAR
1970-01-01 00:29:18.600900,SCALPING_GAMMA,SHORT,85.69157392686833,35,CAUTION,ENTRADA_REDUCIDA_CAUTION
1970-01-01 00:29:18.606600,SCALPING_GAMMA,SHORT,68.76267748478578,0,SAFE,ENTRADA_ESTANDAR
1970-01-01 00:29:18.633600,SCALPING_GAMMA,SHORT,87.40740740740767,55,CAUTION,ENTRADA_REDUCIDA_CAUTION
1970-01-01 00:29:18.638100,SCALPING_GAMMA,SHORT,87.05035971222978,35,CAUTION,ENTRADA_REDUCIDA_CAUTION
1970-01-01 00:29:18.653400,SCALPING_GAMMA,LONG,23.93617021276542,0,SAFE,ENTRADA_ESTANDAR
1970-01-01 00:29:18.695700,SCALPING_GAMMA,SHORT,81.94444444444468,35,CAUTION,ENTRADA_REDUCIDA_CAUTION
1970-01-01 00:29:18.714000,SCALPING_GAMMA,SHORT,76.04166666666723,35,CAUTION,ENTRADA_REDUCIDA_CAUTION
1970-01-01 00:29:18.783900,SCALPING_GAMMA,LONG,33.43898573692572,0,SAFE,ENTRADA_ESTANDAR
1970-01-01 00:29:18.799500,SCALPING_GAMMA,LONG,22.78056951423747,0,SAFE,ENTRADA_ESTANDAR
1970-01-01 00:29:18.819900,SCALPING_GAMMA,LONG,13.264129181084002,0,SAFE,ENTRADA_ESTANDAR
1970-01-01 00:29:18.823800,SCALPING_GAMMA,LONG,30.76311605723363,0,SAFE,ENTRADA_ESTANDAR
1970-01-01 00:29:18.828900,SCALPING_GAMMA,SHORT,78.04232804232788,35,CAUTION,ENTRADA_REDUCIDA_CAUTION
1970-01-01 00:29:18.852300,SCALPING_GAMMA,SHORT,53.666146645866064,0,SAFE,ENTRADA_ESTANDAR
1970-01-01 00:29:18.863100,SCALPING_GAMMA,LONG,28.98550724637643,20,SAFE,ENTRADA_ESTANDAR
1970-01-01 00:29:18.883200,SCALPING_GAMMA,LONG,30.44247787610649,0,SAFE,ENTRADA_ESTANDAR
1970-01-01 00:29:18.905700,SCALPING_GAMMA,SHORT,78.45884413309965,55,CAUTION,ENTRADA_REDUCIDA_CAUTION
1970-01-01 00:29:18.916200,SCALPING_GAMMA,LONG,35.817805383022844,0,SAFE,ENTRADA_ESTANDAR
1970-01-01 00:29:18.964800,SCALPING_GAMMA,LONG,18.156424581004305,0,SAFE,ENTRADA_ESTANDAR
1970-01-01 00:29:19.041600,SCALPING_GAMMA,LONG,23.372781065088105,0,SAFE,ENTRADA_ESTANDAR
1970-01-01 00:29:19.054200,SCALPING_GAMMA,LONG,27.60942760942852,0,SAFE,ENTRADA_ESTANDAR
1970-01-01 00:29:19.122900,SCALPING_GAMMA,LONG,15.254237288135272,0,SAFE,ENTRADA_ESTANDAR
1970-01-01 00:29:19.137300,SCALPING_GAMMA,SHORT,68.79999999999995,0,SAFE,ENTRADA_ESTANDAR
1970-01-01 00:29:19.155600,SCALPING_GAMMA,SHORT,87.17948717948728,60,CAUTION,ENTRADA_REDUCIDA_CAUTION
1970-01-01 00:29:19.158000,SCALPING_GAMMA,SHORT,91.00529100529036,60,CAUTION,ENTRADA_REDUCIDA_CAUTION
1970-01-01 00:29:19.177200,SCALPING_GAMMA,SHORT,85.00000000000134,55,CAUTION,ENTRADA_REDUCIDA_CAUTION
1970-01-01 00:29:19.224300,SCALPING_GAMMA,LONG,34.844868735083054,0,SAFE,ENTRADA_ESTANDAR
1970-01-01 00:29:19.259700,SCALPING_GAMMA,SHORT,70.2576112412177,35,CAUTION,ENTRADA_REDUCIDA_CAUTION
1970-01-01 00:29:19.263300,SCALPING_GAMMA,SHORT,83.63636363636367,20,SAFE,ENTRADA_ESTANDAR
1970-01-01 00:29:19.266900,SCALPING_GAMMA,SHORT,84.39716312056673,55,CAUTION,ENTRADA_REDUCIDA_CAUTION
1970-01-01 00:29:19.302300,SCALPING_GAMMA,LONG,21.086261980831125,0,SAFE,ENTRADA_ESTANDAR
1970-01-01 00:29:19.312500,SCALPING_GAMMA,SHORT,74.19354838709638,35,CAUTION,ENTRADA_REDUCIDA_CAUTION
1970-01-01 00:29:19.346100,SCALPING_GAMMA,SHORT,68.53146853146886,20,SAFE,ENTRADA_ESTANDAR
1970-01-01 00:29:19.364100,SCALPING_GAMMA,SHORT,77.53303964757663,35,CAUTION,ENTRADA_REDUCIDA_CAUTION
1970-01-01 00:29:19.422000,SCALPING_GAMMA,SHORT,78.4105960264906,35,CAUTION,ENTRADA_REDUCIDA_CAUTION
1970-01-01 00:29:19.432800,SCALPING_GAMMA,SHORT,84.4799999999997,35,CAUTION,ENTRADA_REDUCIDA_CAUTION
1970-01-01 00:29:19.461300,SCALPING_GAMMA,SHORT,70.26348808030089,35,CAUTION,ENTRADA_REDUCIDA_CAUTION
1970-01-01 00:29:19.510500,SCALPING_GAMMA,SHORT,64.45830085736549,0,SAFE,ENTRADA_ESTANDAR
1970-01-01 00:29:19.514400,SCALPING_GAMMA,LONG,20.47005307050796,0,SAFE,ENTRADA_ESTANDAR
1970-01-01 00:29:19.543200,SCALPING_GAMMA,LONG,27.826086956522246,20,SAFE,ENTRADA_ESTANDAR
1970-01-01 00:29:19.590300,SCALPING_GAMMA,LONG,19.210526315788968,0,SAFE,ENTRADA_ESTANDAR
1970-01-01 00:29:19.659300,SCALPING_GAMMA,LONG,30.76923076923086,0,SAFE,ENTRADA_ESTANDAR
1970-01-01 00:29:19.688400,SCALPING_GAMMA,LONG,17.958412098299277,0,SAFE,ENTRADA_ESTANDAR
1970-01-01 00:29:19.727100,SCALPING_GAMMA,LONG,31.41993957703987,20,SAFE,ENTRADA_ESTANDAR
1970-01-01 00:29:19.806000,SCALPING_GAMMA,LONG,36.78929765886183,0,SAFE,ENTRADA_ESTANDAR
1970-01-01 00:29:19.820700,SCALPING_GAMMA,LONG,14.490445859872295,0,SAFE,ENTRADA_ESTANDAR
1970-01-01 00:29:19.826400,SCALPING_GAMMA,LONG,35.836627140975395,20,SAFE,ENTRADA_ESTANDAR
1970-01-01 00:29:19.847100,SCALPING_GAMMA,LONG,22.482638888889085,0,SAFE,ENTRADA_ESTANDAR
1970-01-01 00:29:19.850100,SCALPING_GAMMA,LONG,29.620462046204537,20,SAFE,ENTRADA_ESTANDAR
1970-01-01 00:29:19.863900,SCALPING_GAMMA,LONG,35.60090702947856,20,SAFE,ENTRADA_ESTANDAR
1970-01-01 00:29:19.895100,SCALPING_GAMMA,LONG,20.722433460075607,20,SAFE,ENTRADA_ESTANDAR
1970-01-01 00:29:19.937100,SCALPING_GAMMA,LONG,21.30365659777397,20,SAFE,ENTRADA_ESTANDAR
1970-01-01 00:29:19.978200,SCALPING_GAMMA,LONG,24.457308248914487,0,SAFE,ENTRADA_ESTANDAR
1970-01-01 00:29:19.998900,SCALPING_GAMMA,LONG,24.066390041493847,0,SAFE,ENTRADA_ESTANDAR
1970-01-01 00:29:20.034000,SCALPING_GAMMA,SHORT,76.0399334442593,55,CAUTION,ENTRADA_REDUCIDA_CAUTION
1970-01-01 00:29:20.050500,SCALPING_GAMMA,SHORT,83.18385650224207,55,CAUTION,ENTRADA_REDUCIDA_CAUTION
1970-01-01 00:29:20.072700,SCALPING_GAMMA,LONG,30.472103004292023,0,SAFE,ENTRADA_ESTANDAR
1970-01-01 00:29:20.109300,SCALPING_GAMMA,LONG,16.090104585679796,0,SAFE,ENTRADA_ESTANDAR
1970-01-01 00:29:20.110800,SCALPING_GAMMA,LONG,26.445497630331857,0,SAFE,ENTRADA_ESTANDAR
1970-01-01 00:29:20.119200,SCALPING_GAMMA,LONG,18.35051546391664,20,SAFE,ENTRADA_ESTANDAR
1970-01-01 00:29:20.125200,SCALPING_GAMMA,LONG,28.02197802197809,0,SAFE,ENTRADA_ESTANDAR
1970-01-01 00:29:20.130300,SCALPING_GAMMA,LONG,27.62836185819077,0,SAFE,ENTRADA_ESTANDAR
1970-01-01 00:29:20.131500,SCALPING_GAMMA,LONG,28.745746232377257,0,SAFE,ENTRADA_ESTANDAR
1970-01-01 00:29:20.140200,SCALPING_GAMMA,SHORT,58.14597025250781,0,SAFE,ENTRADA_ESTANDAR
1970-01-01 00:29:20.152200,SCALPING_GAMMA,SHORT,64.4004282655246,0,SAFE,ENTRADA_ESTANDAR
1970-01-01 00:29:20.158200,SCALPING_GAMMA,SHORT,79.51219512195127,35,CAUTION,ENTRADA_REDUCIDA_CAUTION
1970-01-01 00:29:20.165400,SCALPING_GAMMA,SHORT,68.50393700787394,0,SAFE,ENTRADA_ESTANDAR
1970-01-01 00:29:20.174400,SCALPING_GAMMA,SHORT,85.34554537885086,55,CAUTION,ENTRADA_REDUCIDA_CAUTION
1970-01-01 00:29:20.188500,SCALPING_GAMMA,LONG,19.191919191919094,0,SAFE,ENTRADA_ESTANDAR
1970-01-01 00:29:20.215500,SCALPING_GAMMA,LONG,27.29636048526864,25,SAFE,ENTRADA_ESTANDAR
1970-01-01 00:29:20.217300,SCALPING_GAMMA,LONG,35.786212238574805,25,SAFE,ENTRADA_ESTANDAR
1970-01-01 00:29:20.233800,SCALPING_GAMMA,LONG,26.34643377001477,0,SAFE,ENTRADA_ESTANDAR
1970-01-01 00:29:20.260800,SCALPING_GAMMA,LONG,21.48876404494382,0,SAFE,ENTRADA_ESTANDAR
1970-01-01 00:29:20.272800,SCALPING_GAMMA,SHORT,77.89634146341447,35,CAUTION,ENTRADA_REDUCIDA_CAUTION
1970-01-01 00:29:20.283300,SCALPING_GAMMA,SHORT,77.27879057358828,55,CAUTION,ENTRADA_REDUCIDA_CAUTION
1970-01-01 00:29:20.284800,SCALPING_GAMMA,SHORT,71.61366313309786,35,CAUTION,ENTRADA_REDUCIDA_CAUTION
1970-01-01 00:29:20.289300,SCALPING_GAMMA,SHORT,68.47826086956533,0,SAFE,ENTRADA_ESTANDAR
1970-01-01 00:29:20.297700,SCALPING_GAMMA,SHORT,79.89130434782629,20,SAFE,ENTRADA_ESTANDAR
1970-01-01 00:29:20.329800,SCALPING_GAMMA,LONG,42.51290877796905,20,SAFE,ENTRADA_ESTANDAR
1970-01-01 00:29:20.355300,SCALPING_GAMMA,LONG,30.242510699001382,20,SAFE,ENTRADA_ESTANDAR
1970-01-01 00:29:20.372400,SCALPING_GAMMA,SHORT,71.85473411154354,35,CAUTION,ENTRADA_REDUCIDA_CAUTION
1970-01-01 00:29:20.378700,SCALPING_GAMMA,SHORT,68.57727737973387,20,SAFE,ENTRADA_ESTANDAR
1970-01-01 00:29:20.386200,SCALPING_GAMMA,SHORT,72.15189873417728,55,CAUTION,ENTRADA_REDUCIDA_CAUTION
1970-01-01 00:29:20.424600,SCALPING_GAMMA,LONG,35.661764705882405,20,SAFE,ENTRADA_ESTANDAR
1970-01-01 00:29:20.442600,SCALPING_GAMMA,SHORT,77.84431137724559,35,CAUTION,ENTRADA_REDUCIDA_CAUTION
1970-01-01 00:29:20.459700,SCALPING_GAMMA,SHORT,83.20610687022909,0,SAFE,ENTRADA_ESTANDAR
1970-01-01 00:29:20.475600,SCALPING_GAMMA,SHORT,69.90521327014213,20,SAFE,ENTRADA_ESTANDAR
1970-01-01 00:29:20.489700,SCALPING_GAMMA,LONG,31.634819532908622,20,SAFE,ENTRADA_ESTANDAR
1970-01-01 00:29:20.501400,SCALPING_GAMMA,LONG,39.99999999999988,0,SAFE,ENTRADA_ESTANDAR
1970-01-01 00:29:20.521800,SCALPING_GAMMA,LONG,13.669064748200697,0,SAFE,ENTRADA_ESTANDAR
1970-01-01 00:29:20.527500,SCALPING_GAMMA,LONG,24.549549549549155,20,SAFE,ENTRADA_ESTANDAR
1970-01-01 00:29:20.532600,SCALPING_GAMMA,LONG,20.373250388802504,0,SAFE,ENTRADA_ESTANDAR
1970-01-01 00:29:20.544000,SCALPING_GAMMA,LONG,27.02702702702699,0,SAFE,ENTRADA_ESTANDAR
1970-01-01 00:29:20.550000,SCALPING_GAMMA,LONG,26.96245733788376,20,SAFE,ENTRADA_ESTANDAR
1970-01-01 00:29:20.587500,SCALPING_GAMMA,LONG,24.723247232472303,0,SAFE,ENTRADA_ESTANDAR
1970-01-01 00:29:20.624700,SCALPING_GAMMA,LONG,28.90442890442884,0,SAFE,ENTRADA_ESTANDAR
1970-01-01 00:29:20.640000,SCALPING_GAMMA,LONG,34.4070278184479,0,SAFE,ENTRADA_ESTANDAR
1970-01-01 00:29:20.649300,SCALPING_GAMMA,LONG,27.91005291005314,20,SAFE,ENTRADA_ESTANDAR
1970-01-01 00:29:20.656200,SCALPING_GAMMA,LONG,18.14285714285728,25,SAFE,ENTRADA_ESTANDAR
1970-01-01 00:29:20.674800,SCALPING_GAMMA,LONG,28.438228438228748,0,SAFE,ENTRADA_ESTANDAR
1970-01-01 00:29:20.689800,SCALPING_GAMMA,LONG,13.636363636363768,20,SAFE,ENTRADA_ESTANDAR
1970-01-01 00:29:20.722500,SCALPING_GAMMA,LONG,36.575342465753344,0,SAFE,ENTRADA_ESTANDAR
1970-01-01 00:29:20.734500,SCALPING_GAMMA,SHORT,91.05058365758788,35,CAUTION,ENTRADA_REDUCIDA_CAUTION
1970-01-01 00:29:20.737800,SCALPING_GAMMA,SHORT,74.31693989071036,35,CAUTION,ENTRADA_REDUCIDA_CAUTION
1970-01-01 00:29:20.763300,SCALPING_GAMMA,LONG,10.619469026547703,0,SAFE,ENTRADA_ESTANDAR
1970-01-01 00:29:20.801100,SCALPING_GAMMA,SHORT,61.84486373165618,0,SAFE,ENTRADA_ESTANDAR
1970-01-01 00:29:20.811900,SCALPING_GAMMA,SHORT,70.87576374745419,55,CAUTION,ENTRADA_REDUCIDA_CAUTION
1970-01-01 00:29:20.816700,SCALPING_GAMMA,SHORT,71.42857142857153,55,CAUTION,ENTRADA_REDUCIDA_CAUTION
1970-01-01 00:29:20.846100,SCALPING_GAMMA,SHORT,87.02127659574444,55,CAUTION,ENTRADA_REDUCIDA_CAUTION
1970-01-01 00:29:20.871300,SCALPING_GAMMA,SHORT,58.74999999999992,0,SAFE,ENTRADA_ESTANDAR
1970-01-01 00:29:20.884800,SCALPING_GAMMA,SHORT,91.77820267686414,35,CAUTION,ENTRADA_REDUCIDA_CAUTION
1970-01-01 00:29:20.934000,SCALPING_GAMMA,SHORT,90.82125603864743,55,CAUTION,ENTRADA_REDUCIDA_CAUTION
1970-01-01 00:29:20.943900,SCALPING_GAMMA,SHORT,70.17291066282417,60,CAUTION,ENTRADA_REDUCIDA_CAUTION
1970-01-01 00:29:20.978700,SCALPING_GAMMA,LONG,27.46062992125977,0,SAFE,ENTRADA_ESTANDAR
1970-01-01 00:29:21.014400,SCALPING_GAMMA,LONG,15.90296495956828,0,SAFE,ENTRADA_ESTANDAR
1970-01-01 00:29:21.020400,SCALPING_GAMMA,LONG,22.906403940887245,20,SAFE,ENTRADA_ESTANDAR
1970-01-01 00:29:21.023700,SCALPING_GAMMA,LONG,28.729281767956024,0,SAFE,ENTRADA_ESTANDAR
1970-01-01 00:29:21.067800,SCALPING_GAMMA,LONG,24.00793650793642,45,CAUTION,ENTRADA_REDUCIDA_CAUTION
1970-01-01 00:29:21.078300,SCALPING_GAMMA,LONG,21.928460342146465,0,SAFE,ENTRADA_ESTANDAR
1970-01-01 00:29:21.082200,SCALPING_GAMMA,LONG,17.13747645951028,0,SAFE,ENTRADA_ESTANDAR
1970-01-01 00:29:21.088800,SCALPING_GAMMA,LONG,24.4402985074624,0,SAFE,ENTRADA_ESTANDAR
1970-01-01 00:29:21.093900,SCALPING_GAMMA,LONG,28.99543378995415,20,SAFE,ENTRADA_ESTANDAR
1970-01-01 00:29:21.165600,SCALPING_GAMMA,LONG,27.49077490774917,20,SAFE,ENTRADA_ESTANDAR
1970-01-01 00:29:21.168000,SCALPING_GAMMA,LONG,15.222222222222058,0,SAFE,ENTRADA_ESTANDAR
1970-01-01 00:29:21.221400,SCALPING_GAMMA,LONG,24.403183023872472,0,SAFE,ENTRADA_ESTANDAR
1970-01-01 00:29:21.247500,SCALPING_GAMMA,LONG,29.86111111111093,0,SAFE,ENTRADA_ESTANDAR
1970-01-01 00:29:21.292500,SCALPING_GAMMA,LONG,32.38341968911956,0,SAFE,ENTRADA_ESTANDAR
1970-01-01 00:29:21.309600,SCALPING_GAMMA,SHORT,81.36645962732936,35,CAUTION,ENTRADA_REDUCIDA_CAUTION
1970-01-01 00:29:21.333300,SCALPING_GAMMA,SHORT,82.00692041522528,55,CAUTION,ENTRADA_REDUCIDA_CAUTION
1970-01-01 00:29:21.465300,SCALPING_GAMMA,SHORT,89.1625615763535,35,CAUTION,ENTRADA_REDUCIDA_CAUTION
1970-01-01 00:29:21.471300,SCALPING_GAMMA,SHORT,71.16935483870982,35,CAUTION,ENTRADA_REDUCIDA_CAUTION
1970-01-01 00:29:21.480600,SCALPING_GAMMA,SHORT,91.14583333333348,80,CRITICAL,BLOQUEADA_SAI_CRITICO
1970-01-01 00:29:21.481500,SCALPING_GAMMA,SHORT,77.64705882352939,80,CRITICAL,BLOQUEADA_SAI_CRITICO
1970-01-01 00:29:21.482400,SCALPING_GAMMA,SHORT,64.04320987654313,25,SAFE,ENTRADA_ESTANDAR
1970-01-01 00:29:21.486600,SCALPING_GAMMA,SHORT,75.53699284009556,55,CAUTION,ENTRADA_REDUCIDA_CAUTION
1970-01-01 00:29:21.516600,SCALPING_GAMMA,SHORT,76.08142493638678,55,CAUTION,ENTRADA_REDUCIDA_CAUTION
1970-01-01 00:29:21.532200,SCALPING_GAMMA,SHORT,83.5483870967743,55,CAUTION,ENTRADA_REDUCIDA_CAUTION
1970-01-01 00:29:21.543300,SCALPING_GAMMA,SHORT,73.21937321937321,35,CAUTION,ENTRADA_REDUCIDA_CAUTION
1970-01-01 00:29:21.585900,SCALPING_GAMMA,SHORT,66.66666666666666,0,SAFE,ENTRADA_ESTANDAR
1970-01-01 00:29:21.635400,SCALPING_GAMMA,SHORT,82.78688524590183,35,CAUTION,ENTRADA_REDUCIDA_CAUTION
1970-01-01 00:29:21.658200,SCALPING_GAMMA,SHORT,74.87001733102252,35,CAUTION,ENTRADA_REDUCIDA_CAUTION
1970-01-01 00:29:21.680100,SCALPING_GAMMA,LONG,28.730822873082545,0,SAFE,ENTRADA_ESTANDAR
1970-01-01 00:29:21.683100,SCALPING_GAMMA,LONG,13.69509043927654,0,SAFE,ENTRADA_ESTANDAR
1970-01-01 00:29:21.686100,SCALPING_GAMMA,LONG,28.81152460984396,0,SAFE,ENTRADA_ESTANDAR
1970-01-01 00:29:21.740400,SCALPING_GAMMA,SHORT,88.17567567567652,35,CAUTION,ENTRADA_REDUCIDA_CAUTION
1970-01-01 00:29:21.761700,SCALPING_GAMMA,SHORT,75.74257425742577,55,CAUTION,ENTRADA_REDUCIDA_CAUTION
1970-01-01 00:29:21.771600,SCALPING_GAMMA,SHORT,73.78410438908661,35,CAUTION,ENTRADA_REDUCIDA_CAUTION
1970-01-01 00:29:21.792300,SCALPING_GAMMA,SHORT,70.80924855491338,35,CAUTION,ENTRADA_REDUCIDA_CAUTION
1970-01-01 00:29:21.798900,SCALPING_GAMMA,LONG,34.767025089605724,0,SAFE,ENTRADA_ESTANDAR
1970-01-01 00:29:21.816600,SCALPING_GAMMA,LONG,15.116279069767984,0,SAFE,ENTRADA_ESTANDAR
1970-01-01 00:29:21.827700,SCALPING_GAMMA,LONG,11.44859813084082,0,SAFE,ENTRADA_ESTANDAR
1970-01-01 00:29:21.831000,SCALPING_GAMMA,LONG,26.524822695035297,0,SAFE,ENTRADA_ESTANDAR
1970-01-01 00:29:21.846300,SCALPING_GAMMA,LONG,38.176197836166814,0,SAFE,ENTRADA_ESTANDAR
1970-01-01 00:29:21.853200,SCALPING_GAMMA,LONG,19.148936170213148,0,SAFE,ENTRADA_ESTANDAR
1970-01-01 00:29:21.918000,SCALPING_GAMMA,LONG,22.669491525423595,0,SAFE,ENTRADA_ESTANDAR
1970-01-01 00:29:21.928800,SCALPING_GAMMA,LONG,24.66539196940744,0,SAFE,ENTRADA_ESTANDAR
1970-01-01 00:29:21.931500,SCALPING_GAMMA,LONG,24.20212765957443,20,SAFE,ENTRADA_ESTANDAR
1970-01-01 00:29:21.941100,SCALPING_GAMMA,SHORT,82.81919451585256,55,CAUTION,ENTRADA_REDUCIDA_CAUTION
1970-01-01 00:29:21.942900,SCALPING_GAMMA,SHORT,79.1698991466253,35,CAUTION,ENTRADA_REDUCIDA_CAUTION
1970-01-01 00:29:22.060200,SCALPING_GAMMA,SHORT,77.14285714285741,55,CAUTION,ENTRADA_REDUCIDA_CAUTION
1970-01-01 00:29:22.101600,SCALPING_GAMMA,SHORT,78.68318122555405,55,CAUTION,ENTRADA_REDUCIDA_CAUTION
1970-01-01 00:29:22.128900,SCALPING_GAMMA,SHORT,88.40782122905014,55,CAUTION,ENTRADA_REDUCIDA_CAUTION
1970-01-01 00:29:22.152900,SCALPING_GAMMA,LONG,15.83793738489885,0,SAFE,ENTRADA_ESTANDAR
1970-01-01 00:29:22.172100,SCALPING_GAMMA,SHORT,72.9813664596273,35,CAUTION,ENTRADA_REDUCIDA_CAUTION
1970-01-01 00:29:22.184400,SCALPING_GAMMA,LONG,25.36427415002703,0,SAFE,ENTRADA_ESTANDAR
1970-01-01 00:29:22.197300,SCALPING_GAMMA,LONG,17.330210772833894,20,SAFE,ENTRADA_ESTANDAR
1970-01-01 00:29:22.220700,SCALPING_GAMMA,SHORT,56.27450980392179,0,SAFE,ENTRADA_ESTANDAR
1970-01-01 00:29:22.233000,SCALPING_GAMMA,LONG,20.936639118456625,0,SAFE,ENTRADA_ESTANDAR
1970-01-01 00:29:22.234800,SCALPING_GAMMA,LONG,19.661921708184902,0,SAFE,ENTRADA_ESTANDAR
1970-01-01 00:29:22.236300,SCALPING_GAMMA,LONG,24.8159057437407,0,SAFE,ENTRADA_ESTANDAR
1970-01-01 00:29:22.241700,SCALPING_GAMMA,LONG,28.63849765258233,0,SAFE,ENTRADA_ESTANDAR
1970-01-01 00:29:22.270200,SCALPING_GAMMA,SHORT,72.56748273697424,35,CAUTION,ENTRADA_REDUCIDA_CAUTION
1970-01-01 00:29:22.276800,SCALPING_GAMMA,LONG,27.266839378238277,0,SAFE,ENTRADA_ESTANDAR
1970-01-01 00:29:22.281600,SCALPING_GAMMA,LONG,33.1048663468129,25,SAFE,ENTRADA_ESTANDAR
1970-01-01 00:29:22.288200,SCALPING_GAMMA,LONG,17.062314540059404,0,SAFE,ENTRADA_ESTANDAR
1970-01-01 00:29:22.297800,SCALPING_GAMMA,SHORT,67.19636776390459,0,SAFE,ENTRADA_ESTANDAR
1970-01-01 00:29:22.312200,SCALPING_GAMMA,SHORT,81.8845872899926,35,CAUTION,ENTRADA_REDUCIDA_CAUTION
1970-01-01 00:29:22.325700,SCALPING_GAMMA,LONG,14.788732394365653,0,SAFE,ENTRADA_ESTANDAR
1970-01-01 00:29:22.344600,SCALPING_GAMMA,SHORT,68.11145510835959,0,SAFE,ENTRADA_ESTANDAR
1970-01-01 00:29:22.363800,SCALPING_GAMMA,SHORT,75.26132404181186,55,CAUTION,ENTRADA_REDUCIDA_CAUTION
1970-01-01 00:29:22.399800,SCALPING_GAMMA,SHORT,82.54237288135593,20,SAFE,ENTRADA_ESTANDAR
1970-01-01 00:29:22.434300,SCALPING_GAMMA,LONG,31.447963800904983,0,SAFE,ENTRADA_ESTANDAR
1970-01-01 00:29:22.441800,SCALPING_GAMMA,LONG,18.027210884354105,20,SAFE,ENTRADA_ESTANDAR
1970-01-01 00:29:22.485600,SCALPING_GAMMA,SHORT,61.92307692307677,0,SAFE,ENTRADA_ESTANDAR
1970-01-01 00:29:22.495500,SCALPING_GAMMA,SHORT,74.68354430379758,35,CAUTION,ENTRADA_REDUCIDA_CAUTION
1970-01-01 00:29:22.530900,SCALPING_GAMMA,SHORT,66.78733031674206,0,SAFE,ENTRADA_ESTANDAR
1970-01-01 00:29:22.536900,SCALPING_GAMMA,SHORT,72.33606557377037,35,CAUTION,ENTRADA_REDUCIDA_CAUTION
1970-01-01 00:29:22.539900,SCALPING_GAMMA,SHORT,79.03469079939663,80,CRITICAL,BLOQUEADA_SAI_CRITICO
1970-01-01 00:29:22.540500,SCALPING_GAMMA,SHORT,75.44169611307404,55,CAUTION,ENTRADA_REDUCIDA_CAUTION
1970-01-01 00:29:22.551600,SCALPING_GAMMA,SHORT,73.35329341317346,55,CAUTION,ENTRADA_REDUCIDA_CAUTION
1970-01-01 00:29:22.582800,SCALPING_GAMMA,LONG,26.15384615384619,20,SAFE,ENTRADA_ESTANDAR
1970-01-01 00:29:22.612200,SCALPING_GAMMA,LONG,33.920704845815,0,SAFE,ENTRADA_ESTANDAR
1970-01-01 00:29:22.617900,SCALPING_GAMMA,LONG,25.53191489361666,0,SAFE,ENTRADA_ESTANDAR
1970-01-01 00:29:22.638600,SCALPING_GAMMA,SHORT,65.39923954372597,0,SAFE,ENTRADA_ESTANDAR
1970-01-01 00:29:22.688100,SCALPING_GAMMA,SHORT,76.47058823529389,35,CAUTION,ENTRADA_REDUCIDA_CAUTION
1970-01-01 00:29:22.699200,SCALPING_GAMMA,SHORT,71.44535840187989,35,CAUTION,ENTRADA_REDUCIDA_CAUTION
1970-01-01 00:29:22.715400,SCALPING_GAMMA,SHORT,74.10526315789451,35,CAUTION,ENTRADA_REDUCIDA_CAUTION
1970-01-01 00:29:22.737900,SCALPING_GAMMA,SHORT,78.6121673003801,35,CAUTION,ENTRADA_REDUCIDA_CAUTION
1970-01-01 00:29:22.769100,SCALPING_GAMMA,SHORT,70.70707070707087,55,CAUTION,ENTRADA_REDUCIDA_CAUTION
1970-01-01 00:29:22.806000,SCALPING_GAMMA,SHORT,63.82428940568488,0,SAFE,ENTRADA_ESTANDAR
1970-01-01 00:29:22.817700,SCALPING_GAMMA,SHORT,70.76313181367684,60,CAUTION,ENTRADA_REDUCIDA_CAUTION
1970-01-01 00:29:22.840200,SCALPING_GAMMA,LONG,16.359918200409368,20,SAFE,ENTRADA_ESTANDAR
1970-01-01 00:29:22.847700,SCALPING_GAMMA,LONG,31.991525423728817,0,SAFE,ENTRADA_ESTANDAR
1970-01-01 00:29:22.885800,SCALPING_GAMMA,LONG,32.8703703703699,0,SAFE,ENTRADA_ESTANDAR
1970-01-01 00:29:22.894200,SCALPING_GAMMA,LONG,28.992628992628923,20,SAFE,ENTRADA_ESTANDAR
1970-01-01 00:29:22.904400,SCALPING_GAMMA,LONG,29.41176470588236,20,SAFE,ENTRADA_ESTANDAR
1970-01-01 00:29:22.932900,SCALPING_GAMMA,LONG,37.19211822660101,20,SAFE,ENTRADA_ESTANDAR
1970-01-01 00:29:22.959300,SCALPING_GAMMA,LONG,20.68376068376078,0,SAFE,ENTRADA_ESTANDAR
1970-01-01 00:29:22.963200,SCALPING_GAMMA,LONG,13.15789473684191,0,SAFE,ENTRADA_ESTANDAR
1970-01-01 00:29:22.976400,SCALPING_GAMMA,LONG,36.13193403298353,0,SAFE,ENTRADA_ESTANDAR
1970-01-01 00:29:23.013900,SCALPING_GAMMA,SHORT,72.46558197747176,55,CAUTION,ENTRADA_REDUCIDA_CAUTION
1970-01-01 00:29:23.051400,SCALPING_GAMMA,LONG,38.57526881720446,20,SAFE,ENTRADA_ESTANDAR
1970-01-01 00:29:23.054700,SCALPING_GAMMA,LONG,24.320457796852764,20,SAFE,ENTRADA_ESTANDAR
1970-01-01 00:29:23.059500,SCALPING_GAMMA,LONG,8.913308913309109,0,SAFE,ENTRADA_ESTANDAR
1970-01-01 00:29:23.074200,SCALPING_GAMMA,SHORT,87.27272727272712,55,CAUTION,ENTRADA_REDUCIDA_CAUTION
1970-01-01 00:29:23.076300,SCALPING_GAMMA,SHORT,75.08532423208175,55,CAUTION,ENTRADA_REDUCIDA_CAUTION
1970-01-01 00:29:23.095500,SCALPING_GAMMA,LONG,21.97712418300649,0,SAFE,ENTRADA_ESTANDAR
1970-01-01 00:29:23.121600,SCALPING_GAMMA,LONG,16.347381864623472,0,SAFE,ENTRADA_ESTANDAR
1970-01-01 00:29:23.123400,SCALPING_GAMMA,LONG,16.611295681063538,0,SAFE,ENTRADA_ESTANDAR
1970-01-01 00:29:23.140800,SCALPING_GAMMA,SHORT,72.17391304347822,35,CAUTION,ENTRADA_REDUCIDA_CAUTION
1970-01-01 00:29:23.151000,SCALPING_GAMMA,SHORT,67.13881019830052,0,SAFE,ENTRADA_ESTANDAR
1970-01-01 00:29:23.154300,SCALPING_GAMMA,LONG,36.7463026166099,0,SAFE,ENTRADA_ESTANDAR
1970-01-01 00:29:23.162100,SCALPING_GAMMA,LONG,28.27324478178373,0,SAFE,ENTRADA_ESTANDAR
1970-01-01 00:29:23.196000,SCALPING_GAMMA,LONG,21.19205298013213,0,SAFE,ENTRADA_ESTANDAR
1970-01-01 00:29:23.212200,SCALPING_GAMMA,SHORT,79.9999999999998,20,SAFE,ENTRADA_ESTANDAR
1970-01-01 00:29:23.227800,SCALPING_GAMMA,SHORT,66.40471512770105,0,SAFE,ENTRADA_ESTANDAR
1970-01-01 00:29:23.262300,SCALPING_GAMMA,SHORT,62.35955056179749,0,SAFE,ENTRADA_ESTANDAR
1970-01-01 00:29:23.270700,SCALPING_GAMMA,SHORT,67.4540682414701,0,SAFE,ENTRADA_ESTANDAR
1970-01-01 00:29:23.329500,SCALPING_GAMMA,LONG,20.238095238095863,0,SAFE,ENTRADA_ESTANDAR
1970-01-01 00:29:23.350200,SCALPING_GAMMA,SHORT,71.46666666666653,55,CAUTION,ENTRADA_REDUCIDA_CAUTION
1970-01-01 00:29:23.384100,SCALPING_GAMMA,LONG,25.39062499999937,0,SAFE,ENTRADA_ESTANDAR
1970-01-01 00:29:23.388000,SCALPING_GAMMA,LONG,33.33333333333333,0,SAFE,ENTRADA_ESTANDAR
1970-01-01 00:29:23.404800,SCALPING_GAMMA,LONG,18.29268292682916,20,SAFE,ENTRADA_ESTANDAR
1970-01-01 00:29:23.422200,SCALPING_GAMMA,LONG,33.33333333333256,0,SAFE,ENTRADA_ESTANDAR
1970-01-01 00:29:23.443800,SCALPING_GAMMA,SHORT,71.16564417177914,35,CAUTION,ENTRADA_REDUCIDA_CAUTION
1970-01-01 00:29:23.483100,SCALPING_GAMMA,SHORT,74.52471482889723,55,CAUTION,ENTRADA_REDUCIDA_CAUTION
1970-01-01 00:29:23.526000,SCALPING_GAMMA,LONG,27.493261455525825,20,SAFE,ENTRADA_ESTANDAR
1970-01-01 00:29:23.531400,SCALPING_GAMMA,LONG,24.45561139028453,20,SAFE,ENTRADA_ESTANDAR
1970-01-01 00:29:23.568300,SCALPING_GAMMA,LONG,28.78192534381144,0,SAFE,ENTRADA_ESTANDAR
1970-01-01 00:29:23.571600,SCALPING_GAMMA,LONG,26.380368098159423,0,SAFE,ENTRADA_ESTANDAR
1970-01-01 00:29:23.587800,SCALPING_GAMMA,SHORT,89.51695786228174,35,CAUTION,ENTRADA_REDUCIDA_CAUTION
1970-01-01 00:29:23.632500,SCALPING_GAMMA,LONG,28.87323943661974,0,SAFE,ENTRADA_ESTANDAR
1970-01-01 00:29:23.659800,SCALPING_GAMMA,LONG,9.7297297297294,0,SAFE,ENTRADA_ESTANDAR
1970-01-01 00:29:23.674200,SCALPING_GAMMA,SHORT,67.60330578512406,20,SAFE,ENTRADA_ESTANDAR
1970-01-01 00:29:23.718600,SCALPING_GAMMA,LONG,26.851851851851507,0,SAFE,ENTRADA_ESTANDAR
1970-01-01 00:29:23.728500,SCALPING_GAMMA,LONG,47.54716981132072,25,SAFE,ENTRADA_ESTANDAR
1970-01-01 00:29:23.741400,SCALPING_GAMMA,LONG,24.179620034542324,0,SAFE,ENTRADA_ESTANDAR
1970-01-01 00:29:23.749500,SCALPING_GAMMA,LONG,35.984354628422366,0,SAFE,ENTRADA_ESTANDAR
1970-01-01 00:29:23.761800,SCALPING_GAMMA,SHORT,71.641791044776,35,CAUTION,ENTRADA_REDUCIDA_CAUTION
1970-01-01 00:29:23.770800,SCALPING_GAMMA,SHORT,83.09859154929609,35,CAUTION,ENTRADA_REDUCIDA_CAUTION
1970-01-01 00:29:23.795100,SCALPING_GAMMA,SHORT,71.59420289855069,35,CAUTION,ENTRADA_REDUCIDA_CAUTION
1970-01-01 00:29:23.852700,SCALPING_GAMMA,SHORT,61.32930513595176,0,SAFE,ENTRADA_ESTANDAR
1970-01-01 00:29:23.901000,SCALPING_GAMMA,SHORT,69.27899686520378,0,SAFE,ENTRADA_ESTANDAR
1970-01-01 00:29:23.914500,SCALPING_GAMMA,SHORT,87.61609907120798,35,CAUTION,ENTRADA_REDUCIDA_CAUTION
1970-01-01 00:29:23.927100,SCALPING_GAMMA,SHORT,63.55685131195332,0,SAFE,ENTRADA_ESTANDAR
1970-01-01 00:29:23.941500,SCALPING_GAMMA,LONG,21.03250478011496,20,SAFE,ENTRADA_ESTANDAR
1970-01-01 00:29:24.008700,SCALPING_GAMMA,SHORT,83.66834170854264,35,CAUTION,ENTRADA_REDUCIDA_CAUTION
1970-01-01 00:29:24.017100,SCALPING_GAMMA,SHORT,59.32721712538217,25,SAFE,ENTRADA_ESTANDAR
1970-01-01 00:29:24.047400,SCALPING_GAMMA,SHORT,72.26890756302512,35,CAUTION,ENTRADA_REDUCIDA_CAUTION
1970-01-01 00:29:24.074100,SCALPING_GAMMA,SHORT,73.77049180327879,55,CAUTION,ENTRADA_REDUCIDA_CAUTION
1970-01-01 00:29:24.099300,SCALPING_GAMMA,LONG,25.497287522603912,20,SAFE,ENTRADA_ESTANDAR
1970-01-01 00:29:24.129900,SCALPING_GAMMA,LONG,22.77777777777824,0,SAFE,ENTRADA_ESTANDAR
1970-01-01 00:29:24.160800,SCALPING_GAMMA,LONG,33.22784810126592,0,SAFE,ENTRADA_ESTANDAR
1970-01-01 00:29:24.198300,SCALPING_GAMMA,LONG,29.13385826771666,0,SAFE,ENTRADA_ESTANDAR
1970-01-01 00:29:24.231900,SCALPING_GAMMA,LONG,10.991957104558168,0,SAFE,ENTRADA_ESTANDAR
1970-01-01 00:29:24.291600,SCALPING_GAMMA,LONG,27.27272727272775,0,SAFE,ENTRADA_ESTANDAR
1970-01-01 00:29:24.348000,SCALPING_GAMMA,LONG,26.69902912621366,0,SAFE,ENTRADA_ESTANDAR
1970-01-01 00:29:24.390300,SCALPING_GAMMA,LONG,37.32718894009133,0,SAFE,ENTRADA_ESTANDAR
1970-01-01 00:29:24.399600,SCALPING_GAMMA,LONG,11.799410029498643,20,SAFE,ENTRADA_ESTANDAR
1970-01-01 00:29:24.440400,SCALPING_GAMMA,LONG,19.78798586572377,0,SAFE,ENTRADA_ESTANDAR
1970-01-01 00:29:24.475800,SCALPING_GAMMA,SHORT,85.56933483652762,35,CAUTION,ENTRADA_REDUCIDA_CAUTION
1970-01-01 00:29:24.503100,SCALPING_GAMMA,LONG,7.6923076923081055,0,SAFE,ENTRADA_ESTANDAR
1970-01-01 00:29:24.504600,SCALPING_GAMMA,LONG,27.19424460431688,20,SAFE,ENTRADA_ESTANDAR
1970-01-01 00:29:24.546300,SCALPING_GAMMA,LONG,28.1249999999996,0,SAFE,ENTRADA_ESTANDAR
1970-01-01 00:29:24.551100,SCALPING_GAMMA,LONG,21.17863720073657,25,SAFE,ENTRADA_ESTANDAR
1970-01-01 00:29:24.559200,SCALPING_GAMMA,LONG,21.54882154882158,0,SAFE,ENTRADA_ESTANDAR
1970-01-01 00:29:24.573600,SCALPING_GAMMA,LONG,26.63043478260873,20,SAFE,ENTRADA_ESTANDAR
1970-01-01 00:29:24.630600,SCALPING_GAMMA,SHORT,67.50902527075803,25,SAFE,ENTRADA_ESTANDAR
1970-01-01 00:29:24.674100,SCALPING_GAMMA,SHORT,67.45406824146984,0,SAFE,ENTRADA_ESTANDAR
1970-01-01 00:29:24.685200,SCALPING_GAMMA,SHORT,74.70817120622553,55,CAUTION,ENTRADA_REDUCIDA_CAUTION
1970-01-01 00:29:24.687300,SCALPING_GAMMA,SHORT,78.80434782608674,55,CAUTION,ENTRADA_REDUCIDA_CAUTION
1970-01-01 00:29:24.689400,SCALPING_GAMMA,SHORT,78.78260869565204,80,CRITICAL,BLOQUEADA_SAI_CRITICO
1970-01-01 00:29:24.691800,SCALPING_GAMMA,SHORT,81.21827411167513,35,CAUTION,ENTRADA_REDUCIDA_CAUTION
1970-01-01 00:29:24.697800,SCALPING_GAMMA,SHORT,79.75206611570306,60,CAUTION,ENTRADA_REDUCIDA_CAUTION
1970-01-01 00:29:24.704700,SCALPING_GAMMA,SHORT,66.46706586826394,0,SAFE,ENTRADA_ESTANDAR
1970-01-01 00:29:24.713400,SCALPING_GAMMA,SHORT,78.4776902887141,35,CAUTION,ENTRADA_REDUCIDA_CAUTION
1970-01-01 00:29:24.738900,SCALPING_GAMMA,SHORT,57.286432160804296,0,SAFE,ENTRADA_ESTANDAR
1970-01-01 00:29:24.787200,SCALPING_GAMMA,SHORT,76.12244897959168,35,CAUTION,ENTRADA_REDUCIDA_CAUTION
1970-01-01 00:29:24.825900,SCALPING_GAMMA,LONG,33.03030303030273,20,SAFE,ENTRADA_ESTANDAR
1970-01-01 00:29:24.870300,SCALPING_GAMMA,LONG,16.97416974169697,0,SAFE,ENTRADA_ESTANDAR
1970-01-01 00:29:24.876600,SCALPING_GAMMA,LONG,27.356020942408197,0,SAFE,ENTRADA_ESTANDAR
1970-01-01 00:29:24.919200,SCALPING_GAMMA,SHORT,80.64516129032305,35,CAUTION,ENTRADA_REDUCIDA_CAUTION
1970-01-01 00:29:24.952200,SCALPING_GAMMA,LONG,16.279069767441754,0,SAFE,ENTRADA_ESTANDAR
1970-01-01 00:29:24.991200,SCALPING_GAMMA,SHORT,72.91666666666659,35,CAUTION,ENTRADA_REDUCIDA_CAUTION
1970-01-01 00:29:25.031100,SCALPING_GAMMA,SHORT,65.14598540145985,0,SAFE,ENTRADA_ESTANDAR
1970-01-01 00:29:25.039800,SCALPING_GAMMA,SHORT,65.28189910979242,0,SAFE,ENTRADA_ESTANDAR
1970-01-01 00:29:25.074300,SCALPING_GAMMA,SHORT,70.7818930041154,35,CAUTION,ENTRADA_REDUCIDA_CAUTION
1970-01-01 00:29:25.129200,SCALPING_GAMMA,SHORT,76.60223804679543,35,CAUTION,ENTRADA_REDUCIDA_CAUTION
1970-01-01 00:29:25.132200,SCALPING_GAMMA,SHORT,74.08637873754131,35,CAUTION,ENTRADA_REDUCIDA_CAUTION
1970-01-01 00:29:25.145700,SCALPING_GAMMA,LONG,17.127071823204517,0,SAFE,ENTRADA_ESTANDAR
1970-01-01 00:29:25.170000,SCALPING_GAMMA,SHORT,64.39790575916263,0,SAFE,ENTRADA_ESTANDAR
1970-01-01 00:29:25.185300,SCALPING_GAMMA,SHORT,68.46652267818595,0,SAFE,ENTRADA_ESTANDAR
1970-01-01 00:29:25.210200,SCALPING_GAMMA,LONG,9.308176100628728,0,SAFE,ENTRADA_ESTANDAR
1970-01-01 00:29:25.213500,SCALPING_GAMMA,LONG,44.39178515007884,25,SAFE,ENTRADA_ESTANDAR
1970-01-01 00:29:25.257600,SCALPING_GAMMA,LONG,26.380368098159764,0,SAFE,ENTRADA_ESTANDAR
1970-01-01 00:29:25.300800,SCALPING_GAMMA,SHORT,74.91289198606272,60,CAUTION,ENTRADA_REDUCIDA_CAUTION
1970-01-01 00:29:25.321800,SCALPING_GAMMA,SHORT,68.8118811881189,0,SAFE,ENTRADA_ESTANDAR
1970-01-01 00:29:25.365600,SCALPING_GAMMA,LONG,12.432432432432575,0,SAFE,ENTRADA_ESTANDAR
1970-01-01 00:29:25.402800,SCALPING_GAMMA,LONG,25.432900432900425,0,SAFE,ENTRADA_ESTANDAR
1970-01-01 00:29:25.411200,SCALPING_GAMMA,LONG,14.552238805970504,0,SAFE,ENTRADA_ESTANDAR
1970-01-01 00:29:25.414500,SCALPING_GAMMA,LONG,19.198312236286935,0,SAFE,ENTRADA_ESTANDAR
1970-01-01 00:29:25.424400,SCALPING_GAMMA,LONG,27.66355140186876,0,SAFE,ENTRADA_ESTANDAR
1970-01-01 00:29:25.441500,SCALPING_GAMMA,LONG,18.48739495798389,0,SAFE,ENTRADA_ESTANDAR
1970-01-01 00:29:25.489200,SCALPING_GAMMA,SHORT,82.77153558052439,55,CAUTION,ENTRADA_REDUCIDA_CAUTION
1970-01-01 00:29:25.500000,SCALPING_GAMMA,SHORT,80.04201680672277,35,CAUTION,ENTRADA_REDUCIDA_CAUTION
1970-01-01 00:29:25.515300,SCALPING_GAMMA,LONG,25.51319648093836,0,SAFE,ENTRADA_ESTANDAR
1970-01-01 00:29:25.555800,SCALPING_GAMMA,LONG,9.265175718849818,0,SAFE,ENTRADA_ESTANDAR
1970-01-01 00:29:25.569300,SCALPING_GAMMA,LONG,18.906605922550952,0,SAFE,ENTRADA_ESTANDAR
1970-01-01 00:29:25.626600,SCALPING_GAMMA,LONG,16.12903225806454,20,SAFE,ENTRADA_ESTANDAR
1970-01-01 00:29:25.647900,SCALPING_GAMMA,LONG,27.23577235772329,25,SAFE,ENTRADA_ESTANDAR
1970-01-01 00:29:25.688100,SCALPING_GAMMA,LONG,16.033755274261566,20,SAFE,ENTRADA_ESTANDAR
1970-01-01 00:29:25.725900,SCALPING_GAMMA,LONG,16.541353383458997,0,SAFE,ENTRADA_ESTANDAR
1970-01-01 00:29:25.749600,SCALPING_GAMMA,LONG,31.896551724137595,0,SAFE,ENTRADA_ESTANDAR
1970-01-01 00:29:25.766700,SCALPING_GAMMA,SHORT,50.733752620545,25,SAFE,ENTRADA_ESTANDAR
1970-01-01 00:29:25.814400,SCALPING_GAMMA,LONG,23.59386413440461,0,SAFE,ENTRADA_ESTANDAR
1970-01-01 00:29:25.820400,SCALPING_GAMMA,LONG,35.85746102449893,25,SAFE,ENTRADA_ESTANDAR
1970-01-01 00:29:25.837500,SCALPING_GAMMA,SHORT,86.01769911504506,55,CAUTION,ENTRADA_REDUCIDA_CAUTION
1970-01-01 00:29:25.843200,SCALPING_GAMMA,SHORT,81.6863100634632,60,CAUTION,ENTRADA_REDUCIDA_CAUTION
1970-01-01 00:29:25.860900,SCALPING_GAMMA,LONG,42.78260869565231,45,CAUTION,ENTRADA_REDUCIDA_CAUTION
1970-01-01 00:29:25.882200,SCALPING_GAMMA,SHORT,73.65967365967403,35,CAUTION,ENTRADA_REDUCIDA_CAUTION
1970-01-01 00:29:25.915800,SCALPING_GAMMA,LONG,30.960854092526503,0,SAFE,ENTRADA_ESTANDAR
1970-01-01 00:29:25.948500,SCALPING_GAMMA,LONG,13.57615894039732,0,SAFE,ENTRADA_ESTANDAR
1970-01-01 00:29:25.980900,SCALPING_GAMMA,SHORT,72.58771929824563,0,SAFE,ENTRADA_ESTANDAR
1970-01-01 00:29:25.990200,SCALPING_GAMMA,LONG,22.549800796812832,0,SAFE,ENTRADA_ESTANDAR
1970-01-01 00:29:26.000400,SCALPING_GAMMA,LONG,29.369369369369597,0,SAFE,ENTRADA_ESTANDAR
1970-01-01 00:29:26.009100,SCALPING_GAMMA,LONG,32.7272727272733,20,SAFE,ENTRADA_ESTANDAR
