Date,Type,Side,PnL_Pct,Reason,Capital
2024-12-28 20:00:00,REV,SHORT,-1.69,SL_HIT,983.11
2024-12-29 10:00:00,REV,LONG,0.38,TP_MEAN,986.89
2024-12-29 16:00:00,REV,LONG,-0.79,SL_HIT,979.13
2024-12-29 22:30:00,REV,LONG,0.66,TP_MEAN,985.55
2024-12-30 00:00:00,REV,SHORT,-0.75,SL_HIT,978.11
2024-12-30 12:30:00,REV,SHORT,0.9,TP_MEAN,986.88
2024-12-31 00:15:00,REV,LONG,-1.63,SL_HIT,970.79
2024-12-31 10:15:00,REV,SHORT,1.28,TP_MEAN,983.24
2024-12-31 13:45:00,REV,SHORT,-1.12,SL_HIT,972.22
2025-01-01 03:45:00,REV,SHORT,0.93,TP_MEAN,981.25
2025-01-01 17:00:00,REV,SHORT,1.24,TP_MEAN,993.4
2025-01-02 01:45:00,REV,SHORT,1.25,TP_MEAN,1005.78
2025-01-02 07:15:00,REV,SHORT,-1.6,SL_HIT,989.7
2025-01-02 17:30:00,REV,SHORT,0.87,TP_MEAN,998.35
2025-01-02 23:30:00,REV,LONG,0.36,TP_MEAN,1001.97
2025-01-03 02:15:00,REV,LONG,0.52,TP_MEAN,1007.15
2025-01-03 09:15:00,REV,LONG,0.48,TP_MEAN,1012.01
2025-01-04 00:30:00,REV,LONG,-0.8,SL_HIT,1003.94
2025-01-04 08:00:00,REV,SHORT,0.89,TP_MEAN,1012.88
2025-01-05 00:45:00,REV,LONG,-0.81,SL_HIT,1004.69
2025-01-05 04:00:00,REV,LONG,0.18,TP_MEAN,1006.5
2025-01-05 10:30:00,REV,LONG,0.53,TP_MEAN,1011.82
2025-01-05 13:45:00,REV,SHORT,0.3,TP_MEAN,1014.88
2025-01-05 18:30:00,REV,LONG,0.62,TP_MEAN,1021.21
2025-01-06 00:45:00,REV,LONG,-0.72,SL_HIT,1013.87
2025-01-06 08:30:00,REV,LONG,-1.29,SL_HIT,1000.8
2025-01-06 14:15:00,REV,SHORT,0.54,TP_MEAN,1006.2
2025-01-06 16:15:00,REV,SHORT,-1.7,SL_HIT,989.12
2025-01-07 09:45:00,REV,LONG,-0.66,SL_HIT,982.63
2025-01-08 01:00:00,REV,SHORT,0.7,TP_MEAN,989.52
2025-01-08 04:45:00,REV,LONG,-1.34,SL_HIT,976.26
2025-01-08 13:30:00,REV,LONG,1.05,TP_MEAN,986.52
2025-01-08 16:45:00,REV,LONG,-1.09,SL_HIT,975.73
2025-01-09 02:00:00,REV,SHORT,1.47,TP_MEAN,990.1
2025-01-09 13:45:00,REV,LONG,-1.25,SL_HIT,977.77
2025-01-10 04:45:00,REV,SHORT,0.45,TP_MEAN,982.17
2025-01-10 06:45:00,REV,SHORT,-1.53,SL_HIT,967.18
2025-01-10 16:30:00,REV,LONG,-0.35,TIME_STOP,963.77
2025-01-11 01:30:00,REV,LONG,-0.8,SL_HIT,956.02
2025-01-11 11:30:00,REV,SHORT,-1.03,SL_HIT,946.16
2025-01-11 20:45:00,REV,SHORT,-0.79,SL_HIT,938.65
2025-01-12 05:15:00,REV,SHORT,-0.72,SL_HIT,931.93
2025-01-12 10:30:00,REV,LONG,1.03,TP_MEAN,941.55
2025-01-12 15:15:00,REV,SHORT,1.15,TP_MEAN,952.38
2025-01-12 22:15:00,REV,LONG,-1.23,SL_HIT,940.63
2025-01-13 01:15:00,REV,SHORT,1.62,TP_MEAN,955.88
2025-01-14 08:45:00,REV,LONG,0.54,TP_MEAN,961.03
2025-01-14 11:30:00,REV,SHORT,1.13,TP_MEAN,971.85
2025-01-14 22:45:00,REV,SHORT,-0.81,SL_HIT,963.97
2025-01-15 08:00:00,REV,SHORT,0.5,TP_MEAN,968.78
2025-01-15 09:45:00,REV,LONG,-1.03,SL_HIT,958.82
2025-01-15 21:45:00,REV,SHORT,1.3,TP_MEAN,971.25
2025-01-16 01:45:00,REV,LONG,0.97,TP_MEAN,980.72
2025-01-16 06:15:00,REV,LONG,0.43,TP_MEAN,984.98
2025-01-16 14:30:00,REV,SHORT,1.44,TP_MEAN,999.13
2025-01-17 00:30:00,REV,LONG,0.37,TP_MEAN,1002.82
2025-01-17 09:00:00,REV,SHORT,-1.16,SL_HIT,991.16
2025-01-17 23:15:00,REV,SHORT,-0.81,TIME_STOP,983.14
2025-01-18 01:30:00,REV,SHORT,1.19,TP_MEAN,994.86
2025-01-18 03:30:00,REV,LONG,-1.52,SL_HIT,979.71
2025-01-18 11:30:00,REV,LONG,1.19,TP_MEAN,991.39
2025-01-18 14:30:00,REV,SHORT,1.66,TP_MEAN,1007.86
2025-01-18 19:15:00,REV,LONG,0.96,TP_MEAN,1017.54
2025-01-19 00:00:00,REV,SHORT,1.02,TP_MEAN,1027.87
2025-01-19 02:30:00,REV,SHORT,-1.71,SL_HIT,1010.24
2025-01-21 09:45:00,REV,SHORT,-2.06,SL_HIT,989.46
2025-01-21 16:00:00,REV,LONG,1.71,TP_MEAN,1006.42
2025-01-21 22:00:00,TREND,LONG,-0.21,TREND_BROKEN,1004.3
2025-01-22 01:30:00,REV,LONG,-1.62,SL_HIT,988.03
2025-01-22 08:15:00,REV,LONG,-1.17,SL_HIT,976.5
2025-01-23 00:15:00,REV,LONG,0.7,TP_MEAN,983.32
2025-01-23 01:45:00,REV,LONG,-1.55,SL_HIT,968.12
2025-01-23 14:15:00,REV,SHORT,-1.06,SL_HIT,957.81
2025-01-24 05:30:00,REV,SHORT,-1.61,SL_HIT,942.36
2025-01-24 13:30:00,REV,SHORT,1.06,TP_MEAN,952.38
2025-01-24 16:00:00,REV,LONG,1.41,TP_MEAN,965.77
2025-01-24 20:45:00,REV,LONG,-1.4,SL_HIT,952.25
2025-01-25 10:45:00,REV,LONG,0.54,TP_MEAN,957.35
2025-01-25 12:30:00,REV,SHORT,0.56,TP_MEAN,962.75
2025-01-25 15:30:00,REV,SHORT,-0.86,SL_HIT,954.49
2025-01-26 00:15:00,REV,LONG,0.44,TP_MEAN,958.71
2025-01-26 04:15:00,REV,SHORT,-0.93,SL_HIT,949.79
2025-01-26 11:00:00,REV,LONG,0.84,TP_MEAN,957.79
2025-01-26 17:00:00,REV,SHORT,-0.66,SL_HIT,951.47
2025-01-26 20:30:00,REV,SHORT,0.5,TP_MEAN,956.27
2025-01-26 22:00:00,REV,LONG,-1.33,SL_HIT,943.59
2025-01-27 07:15:00,REV,LONG,-1.84,SL_HIT,926.26
2025-01-27 13:00:00,REV,SHORT,-1.58,SL_HIT,911.64
2025-01-27 20:15:00,REV,LONG,1.37,TP_MEAN,924.18
2025-01-28 02:15:00,REV,LONG,1.18,TP_MEAN,935.04
2025-01-28 14:00:00,REV,LONG,-0.99,SL_HIT,925.76
2025-01-28 23:45:00,REV,LONG,-0.5,TIME_STOP,921.14
2025-01-29 04:15:00,REV,SHORT,-1.54,SL_HIT,906.92
2025-01-29 14:30:00,REV,LONG,-1.42,SL_HIT,894.02
2025-01-29 19:00:00,REV,SHORT,1.18,TP_MEAN,904.54
2025-01-30 09:45:00,REV,SHORT,-1.02,SL_HIT,895.28
2025-01-30 14:00:00,REV,SHORT,-1.57,SL_HIT,881.26
2025-01-30 20:30:00,REV,SHORT,0.87,TP_MEAN,888.9
2025-01-31 08:15:00,REV,SHORT,1.23,TP_MEAN,899.82
2025-01-31 14:15:00,REV,SHORT,-1.34,TIME_STOP,887.77
2025-02-01 03:15:00,REV,LONG,-0.78,TIME_STOP,880.88
2025-02-01 06:30:00,REV,LONG,-1.22,TIME_STOP,870.11
2025-02-01 09:45:00,REV,LONG,-1.21,SL_HIT,859.56
2025-02-01 11:00:00,REV,LONG,-1.98,SL_HIT,842.58
2025-02-01 19:45:00,REV,LONG,-1.2,SL_HIT,832.47
2025-02-02 05:30:00,REV,LONG,0.68,TP_MEAN,838.14
2025-02-02 11:45:00,REV,LONG,-1.29,SL_HIT,827.34
2025-02-02 16:30:00,REV,LONG,-1.4,SL_HIT,815.75
2025-02-03 05:45:00,TREND,SHORT,9.87,TREND_BROKEN,896.3
2025-02-04 00:15:00,TREND,LONG,10.42,TREND_BROKEN,989.67
2025-02-04 12:30:00,REV,SHORT,-2.05,SL_HIT,969.36
2025-02-04 19:45:00,REV,SHORT,2.03,TP_MEAN,989.08
2025-02-05 08:45:00,REV,SHORT,-0.0,TIME_STOP,989.03
2025-02-05 12:45:00,REV,SHORT,1.34,TP_MEAN,1002.27
2025-02-05 16:00:00,REV,LONG,-1.74,SL_HIT,984.82
2025-02-06 07:00:00,REV,SHORT,0.83,TP_MEAN,993.04
2025-02-06 14:30:00,REV,LONG,-1.43,SL_HIT,978.81
2025-02-06 22:45:00,REV,LONG,0.93,TP_MEAN,987.87
2025-02-07 00:00:00,REV,LONG,1.31,TP_MEAN,1000.79
2025-02-07 04:30:00,REV,SHORT,0.89,TP_MEAN,1009.72
2025-02-07 07:15:00,REV,LONG,1.51,TP_MEAN,1024.98
2025-02-07 11:45:00,REV,SHORT,-2.05,SL_HIT,1003.97
2025-02-08 09:15:00,REV,LONG,0.87,TP_MEAN,1012.75
2025-02-08 19:30:00,REV,SHORT,-1.33,SL_HIT,999.26
2025-02-08 23:00:00,REV,LONG,0.66,TP_MEAN,1005.87
2025-02-09 01:30:00,REV,SHORT,-0.98,SL_HIT,996.01
2025-02-09 13:45:00,REV,LONG,-1.22,SL_HIT,983.88
2025-02-09 20:30:00,REV,LONG,1.18,TP_MEAN,995.54
2025-02-09 21:30:00,REV,LONG,-1.57,SL_HIT,979.92
2025-02-10 10:30:00,REV,SHORT,1.04,TP_MEAN,990.15
2025-02-10 14:30:00,REV,SHORT,2.02,TP_MEAN,1010.13
2025-02-10 20:15:00,REV,SHORT,1.11,TP_MEAN,1021.39
2025-02-11 03:30:00,REV,SHORT,0.7,TIME_STOP,1028.51
2025-02-11 09:45:00,REV,LONG,0.36,TP_MEAN,1032.26
2025-02-11 10:15:00,TREND,SHORT,-0.57,SL_HIT,1026.33
2025-02-11 11:30:00,REV,LONG,0.46,TP_MEAN,1031.07
2025-02-11 13:15:00,REV,LONG,-0.96,SL_HIT,1021.15
2025-02-11 19:30:00,REV,LONG,-1.58,SL_HIT,1004.97
2025-02-12 05:15:00,REV,LONG,0.82,TP_MEAN,1013.17
2025-02-12 09:15:00,REV,SHORT,0.37,TP_MEAN,1016.88
2025-02-13 08:45:00,REV,LONG,-1.14,SL_HIT,1005.29
2025-02-13 11:30:00,REV,SHORT,1.18,TP_MEAN,1017.11
2025-02-13 19:30:00,REV,SHORT,1.32,TP_MEAN,1030.56
2025-02-13 22:15:00,REV,SHORT,1.2,TP_MEAN,1042.91
2025-02-14 03:45:00,REV,SHORT,-1.02,SL_HIT,1032.22
2025-02-14 15:15:00,REV,SHORT,1.15,TP_MEAN,1044.05
2025-02-14 17:30:00,REV,SHORT,-1.31,SL_HIT,1030.42
2025-02-15 02:00:00,REV,LONG,1.16,TP_MEAN,1042.41
2025-02-15 07:15:00,REV,LONG,-0.79,SL_HIT,1034.19
2025-02-15 14:30:00,REV,LONG,-0.55,SL_HIT,1028.52
2025-02-15 22:00:00,REV,LONG,0.68,TP_MEAN,1035.54
2025-02-16 07:00:00,REV,SHORT,0.6,TP_MEAN,1041.79
2025-02-17 03:00:00,REV,SHORT,0.96,TP_MEAN,1051.82
2025-02-17 22:45:00,REV,SHORT,1.34,TP_MEAN,1065.95
2025-02-18 06:00:00,REV,LONG,-1.62,SL_HIT,1048.64
2025-02-18 12:30:00,REV,SHORT,-1.52,SL_HIT,1032.71
2025-02-18 14:45:00,REV,LONG,-1.05,SL_HIT,1021.86
2025-02-18 21:30:00,REV,SHORT,-1.26,SL_HIT,1008.99
2025-02-19 04:15:00,REV,SHORT,0.77,TP_MEAN,1016.75
2025-02-19 15:30:00,REV,LONG,1.16,TP_MEAN,1028.55
2025-02-19 21:45:00,REV,SHORT,1.02,TP_MEAN,1039.02
2025-02-20 04:15:00,REV,SHORT,-0.96,SL_HIT,1029.02
2025-02-20 12:00:00,REV,SHORT,-0.83,SL_HIT,1020.44
2025-02-20 14:45:00,REV,SHORT,0.82,TP_MEAN,1028.81
2025-02-20 21:30:00,REV,SHORT,0.79,TP_MEAN,1036.91
2025-02-21 05:45:00,REV,SHORT,0.77,TP_MEAN,1044.85
2025-02-21 10:00:00,REV,SHORT,-0.78,SL_HIT,1036.69
2025-02-21 14:30:00,REV,SHORT,0.89,TP_MEAN,1045.96
2025-02-21 15:30:00,REV,LONG,-1.46,SL_HIT,1030.69
2025-02-22 12:00:00,REV,SHORT,0.53,TP_MEAN,1036.18
2025-02-23 00:15:00,REV,LONG,0.37,TP_MEAN,1040.06
2025-02-23 03:00:00,REV,LONG,-0.6,SL_HIT,1033.77
2025-02-23 07:15:00,REV,SHORT,-0.73,SL_HIT,1026.26
2025-02-23 14:15:00,REV,LONG,0.55,TP_MEAN,1031.9
2025-02-23 16:45:00,REV,LONG,0.58,TP_MEAN,1037.88
2025-02-24 01:00:00,REV,SHORT,0.6,TP_MEAN,1044.09
2025-02-24 03:30:00,REV,LONG,-1.7,SL_HIT,1026.39
2025-02-24 09:15:00,REV,LONG,1.34,TP_MEAN,1040.1
2025-02-24 15:00:00,REV,LONG,-1.26,SL_HIT,1027.0
2025-02-25 14:15:00,TREND,LONG,-1.68,TREND_BROKEN,1009.75
2025-02-25 22:00:00,REV,SHORT,-2.03,SL_HIT,989.23
2025-02-26 05:45:00,REV,SHORT,0.64,TP_MEAN,995.6
2025-02-26 09:15:00,REV,LONG,1.11,TP_MEAN,1006.6
2025-02-26 12:15:00,REV,SHORT,1.44,TP_MEAN,1021.12
2025-02-26 20:30:00,TREND,SHORT,-0.58,TREND_BROKEN,1015.25
2025-02-27 09:45:00,REV,SHORT,0.73,TP_MEAN,1022.69
2025-02-27 12:15:00,REV,LONG,-0.91,SL_HIT,1013.43
2025-02-27 17:45:00,REV,LONG,1.34,TP_MEAN,1027.06
2025-02-27 20:00:00,REV,LONG,-1.2,SL_HIT,1014.74
2025-02-28 14:00:00,REV,SHORT,-1.6,SL_HIT,998.54
2025-03-01 00:15:00,REV,SHORT,0.99,TP_MEAN,1008.4
2025-03-01 07:30:00,REV,LONG,-1.28,SL_HIT,995.48
2025-03-01 11:00:00,REV,LONG,-1.32,SL_HIT,982.32
2025-03-01 23:15:00,REV,SHORT,1.32,TP_MEAN,995.3
2025-03-02 04:45:00,REV,SHORT,0.55,TP_MEAN,1000.77
2025-03-02 07:00:00,REV,SHORT,0.45,TP_MEAN,1005.29
2025-03-02 09:15:00,REV,LONG,0.6,TP_MEAN,1011.31
2025-03-02 11:15:00,REV,SHORT,0.73,TP_MEAN,1018.65
2025-03-03 02:15:00,REV,LONG,-2.03,SL_HIT,998.02
2025-03-03 06:30:00,REV,LONG,-1.19,SL_HIT,986.18
2025-03-04 01:30:00,REV,LONG,-1.66,SL_HIT,969.78
2025-03-05 04:15:00,REV,SHORT,-1.14,SL_HIT,958.69
2025-03-06 13:45:00,REV,LONG,-1.93,SL_HIT,940.23
2025-03-07 00:15:00,REV,LONG,-1.05,SL_HIT,930.32
2025-03-07 07:30:00,REV,SHORT,0.78,TP_MEAN,937.54
2025-03-07 08:00:00,REV,SHORT,0.81,TP_MEAN,945.12
2025-03-07 13:30:00,REV,LONG,1.53,TP_MEAN,959.55
2025-03-07 17:45:00,REV,LONG,1.34,TP_MEAN,972.44
2025-03-08 07:45:00,REV,LONG,-1.28,SL_HIT,959.96
2025-03-08 10:30:00,REV,LONG,0.41,TP_MEAN,963.91
2025-03-08 19:15:00,REV,SHORT,-1.63,SL_HIT,948.22
2025-03-09 03:45:00,REV,LONG,0.67,TP_MEAN,954.59
2025-03-09 09:45:00,REV,LONG,-1.17,SL_HIT,943.41
2025-03-09 14:15:00,REV,LONG,1.46,TP_MEAN,957.16
2025-03-09 17:30:00,REV,LONG,-2.03,SL_HIT,937.69
2025-03-10 10:15:00,REV,SHORT,2.51,TP_MEAN,961.22
2025-03-10 14:00:00,REV,LONG,-1.94,SL_HIT,942.59
2025-03-11 12:00:00,REV,LONG,-1.42,SL_HIT,929.24
2025-03-12 01:15:00,REV,LONG,0.76,TP_MEAN,936.33
2025-03-12 03:15:00,REV,LONG,-1.71,SL_HIT,920.35
2025-03-13 00:00:00,REV,SHORT,-0.19,TIME_STOP,918.58
2025-03-13 04:15:00,REV,LONG,-0.75,SL_HIT,911.68
2025-03-13 08:45:00,REV,LONG,0.82,TP_MEAN,919.12
2025-03-13 12:30:00,REV,SHORT,0.45,TP_MEAN,923.25
2025-03-13 13:45:00,REV,LONG,-1.08,SL_HIT,913.26
2025-03-14 05:00:00,REV,SHORT,0.34,TP_MEAN,916.36
2025-03-14 06:30:00,REV,LONG,1.14,TP_MEAN,926.81
2025-03-14 12:15:00,REV,SHORT,0.09,TIME_STOP,927.65
2025-03-14 14:00:00,REV,SHORT,0.98,TP_MEAN,936.71
2025-03-14 23:30:00,REV,SHORT,0.8,TP_MEAN,944.21
2025-03-15 04:45:00,REV,SHORT,-1.01,SL_HIT,934.66
2025-03-15 15:45:00,REV,LONG,0.66,TP_MEAN,940.86
2025-03-16 11:00:00,REV,LONG,-0.98,SL_HIT,931.6
2025-03-16 18:45:00,REV,SHORT,0.39,TP_MEAN,935.22
2025-03-17 02:15:00,REV,SHORT,-1.09,SL_HIT,925.08
2025-03-17 07:15:00,REV,LONG,1.17,TP_MEAN,935.88
2025-03-17 10:15:00,REV,SHORT,-1.32,SL_HIT,923.54
2025-03-17 18:15:00,REV,SHORT,-1.37,SL_HIT,910.89
2025-03-18 01:15:00,REV,LONG,-0.81,SL_HIT,903.48
2025-03-18 13:15:00,REV,LONG,-0.62,TIME_STOP,897.9
2025-03-18 14:30:00,REV,LONG,1.44,TP_MEAN,910.81
2025-03-18 22:45:00,REV,SHORT,0.73,TP_MEAN,917.5
2025-03-19 00:15:00,REV,SHORT,-0.92,SL_HIT,909.02
2025-03-19 10:30:00,REV,SHORT,-0.76,SL_HIT,902.13
2025-03-20 00:15:00,REV,SHORT,1.3,TP_MEAN,913.9
2025-03-20 03:30:00,REV,LONG,-0.16,TIME_STOP,912.42
2025-03-20 09:15:00,REV,SHORT,0.57,TP_MEAN,917.65
2025-03-20 10:15:00,REV,LONG,-0.86,SL_HIT,909.77
2025-03-20 15:00:00,REV,SHORT,1.36,TP_MEAN,922.09
2025-03-20 18:15:00,REV,LONG,1.28,TP_MEAN,933.87
2025-03-21 00:00:00,REV,SHORT,-1.26,SL_HIT,922.13
2025-03-21 07:45:00,REV,LONG,0.25,TP_MEAN,924.48
2025-03-21 12:00:00,REV,LONG,0.13,TP_MEAN,925.68
2025-03-21 16:15:00,REV,LONG,-0.02,TIME_STOP,925.49
2025-03-21 20:30:00,REV,SHORT,-0.88,TIME_STOP,917.3
2025-03-22 09:45:00,REV,SHORT,-0.86,SL_HIT,909.43
2025-03-22 21:00:00,REV,SHORT,0.29,TP_MEAN,912.05
2025-03-23 01:15:00,REV,LONG,0.48,TP_MEAN,916.38
2025-03-23 05:00:00,REV,SHORT,0.41,TP_MEAN,920.18
2025-03-23 07:45:00,REV,SHORT,-0.89,SL_HIT,912.03
2025-03-23 11:45:00,REV,SHORT,0.59,TP_MEAN,917.42
2025-03-23 16:15:00,REV,LONG,-0.78,SL_HIT,910.26
2025-03-23 21:00:00,REV,SHORT,0.87,TP_MEAN,918.18
2025-03-24 00:15:00,REV,SHORT,0.57,TP_MEAN,923.42
2025-03-24 14:00:00,REV,LONG,0.63,TP_MEAN,929.27
2025-03-24 18:15:00,REV,SHORT,0.61,TP_MEAN,934.92
2025-03-24 23:15:00,REV,LONG,-0.76,SL_HIT,927.81
2025-03-25 06:00:00,REV,LONG,0.24,TP_MEAN,930.02
2025-03-25 11:45:00,REV,SHORT,0.15,TP_MEAN,931.39
2025-03-25 14:30:00,REV,LONG,1.08,TP_MEAN,941.45
2025-03-25 20:45:00,REV,SHORT,0.66,TP_MEAN,947.69
2025-03-26 00:15:00,REV,LONG,0.55,TP_MEAN,952.9
2025-03-26 02:45:00,REV,LONG,-0.85,SL_HIT,944.77
2025-03-26 07:15:00,REV,SHORT,-1.11,SL_HIT,934.33
2025-03-26 20:30:00,REV,LONG,1.06,TP_MEAN,944.19
2025-03-27 02:45:00,REV,SHORT,-1.29,SL_HIT,932.0
2025-03-27 10:45:00,REV,SHORT,0.56,TP_MEAN,937.22
2025-03-27 12:30:00,REV,LONG,0.56,TP_MEAN,942.5
2025-03-28 03:00:00,REV,SHORT,0.9,TP_MEAN,951.02
2025-03-28 11:15:00,REV,LONG,1.02,TP_MEAN,960.68
2025-03-28 14:00:00,REV,LONG,-1.33,SL_HIT,947.94
2025-03-28 20:45:00,REV,SHORT,0.94,TP_MEAN,956.83
2025-03-28 23:30:00,REV,SHORT,-1.05,SL_HIT,946.81
2025-03-29 07:45:00,REV,SHORT,-1.1,SL_HIT,936.4
2025-03-29 13:15:00,REV,LONG,0.87,TP_MEAN,944.51
2025-03-30 02:30:00,REV,SHORT,0.81,TP_MEAN,952.2
2025-03-30 08:30:00,REV,LONG,0.74,TP_MEAN,959.25
2025-03-30 15:15:00,REV,LONG,0.72,TP_MEAN,966.19
2025-03-30 18:00:00,REV,LONG,0.72,TP_MEAN,973.19
2025-03-30 19:00:00,REV,SHORT,-1.03,SL_HIT,963.15
2025-03-31 00:30:00,REV,LONG,-1.58,SL_HIT,947.89
2025-03-31 08:30:00,REV,LONG,-1.66,SL_HIT,932.11
2025-04-01 00:45:00,REV,SHORT,0.8,TP_MEAN,939.57
2025-04-01 06:30:00,REV,SHORT,-1.18,SL_HIT,928.48
2025-04-01 08:30:00,REV,SHORT,-1.75,SL_HIT,912.23
2025-04-01 14:45:00,REV,LONG,1.41,TP_MEAN,925.07
2025-04-01 18:00:00,REV,SHORT,0.58,TP_MEAN,930.46
2025-04-01 23:30:00,REV,LONG,0.63,TP_MEAN,936.36
2025-04-02 00:45:00,REV,LONG,-1.03,SL_HIT,926.67
2025-04-02 06:45:00,REV,LONG,0.87,TP_MEAN,934.74
2025-04-02 13:45:00,REV,LONG,0.93,TP_MEAN,943.42
2025-04-02 15:30:00,REV,SHORT,-1.35,SL_HIT,930.65
2025-04-02 20:15:00,REV,SHORT,1.88,TP_MEAN,948.15
2025-04-02 22:00:00,REV,LONG,-1.99,SL_HIT,929.27
2025-04-03 09:00:00,REV,LONG,0.76,TP_MEAN,936.36
2025-04-03 12:15:00,REV,LONG,-1.29,SL_HIT,924.26
2025-04-04 08:00:00,REV,SHORT,-1.19,SL_HIT,913.26
2025-04-04 18:00:00,REV,SHORT,-0.95,TIME_STOP,904.6
2025-04-05 02:00:00,REV,SHORT,0.68,TP_MEAN,910.76
2025-04-05 08:00:00,REV,LONG,0.5,TP_MEAN,915.32
2025-04-05 10:45:00,REV,SHORT,-0.94,SL_HIT,906.69
2025-04-05 16:15:00,REV,LONG,-0.54,TIME_STOP,901.77
2025-04-05 22:45:00,REV,LONG,0.55,TP_MEAN,906.75
2025-04-06 08:00:00,REV,LONG,-0.77,SL_HIT,899.74
2025-04-06 13:15:00,REV,LONG,-1.08,SL_HIT,890.03
2025-04-06 18:00:00,REV,LONG,-2.07,SL_HIT,871.64
2025-04-07 21:15:00,REV,SHORT,1.63,TP_MEAN,885.82
2025-04-07 23:15:00,REV,SHORT,1.24,TP_MEAN,896.84
2025-04-08 07:00:00,REV,LONG,-1.49,SL_HIT,883.45
2025-04-08 11:45:00,REV,SHORT,-1.12,SL_HIT,873.53
2025-04-08 14:30:00,REV,SHORT,1.66,TP_MEAN,888.02
2025-04-10 03:00:00,REV,LONG,-1.38,SL_HIT,875.76
2025-04-10 12:45:00,REV,SHORT,0.97,TP_MEAN,884.24
2025-04-10 15:30:00,REV,LONG,-2.07,SL_HIT,865.9
2025-04-10 23:00:00,REV,SHORT,0.57,TP_MEAN,870.87
2025-04-11 01:30:00,REV,SHORT,-0.87,SL_HIT,863.31
2025-04-11 08:00:00,REV,SHORT,0.67,TP_MEAN,869.13
2025-04-11 13:30:00,REV,LONG,0.76,TP_MEAN,875.77
2025-04-12 04:30:00,REV,LONG,0.58,TP_MEAN,880.8
2025-04-12 08:00:00,REV,SHORT,-1.14,SL_HIT,870.74
2025-04-12 13:30:00,REV,SHORT,-1.3,SL_HIT,859.45
2025-04-13 01:45:00,REV,LONG,-0.97,SL_HIT,851.07
2025-04-13 07:15:00,REV,LONG,0.94,TP_MEAN,859.05
2025-04-13 09:45:00,REV,SHORT,-0.74,SL_HIT,852.72
2025-04-13 13:45:00,REV,LONG,-1.32,SL_HIT,841.44
2025-04-13 19:30:00,REV,SHORT,1.6,TP_MEAN,854.89
2025-04-14 10:45:00,REV,SHORT,-1.47,SL_HIT,842.34
2025-04-14 15:30:00,REV,LONG,-1.69,SL_HIT,828.11
2025-04-15 04:30:00,REV,SHORT,0.76,TP_MEAN,834.37
2025-04-15 09:15:00,REV,SHORT,-0.98,SL_HIT,826.15
2025-04-16 00:15:00,TREND,SHORT,1.9,TREND_BROKEN,841.85
2025-04-16 04:15:00,REV,SHORT,0.44,TP_MEAN,845.53
2025-04-16 08:15:00,REV,LONG,1.1,TP_MEAN,854.84
2025-04-16 14:15:00,REV,LONG,0.89,TP_MEAN,862.49
2025-04-17 02:15:00,REV,SHORT,0.79,TP_MEAN,869.33
2025-04-17 05:45:00,REV,SHORT,-1.01,SL_HIT,860.57
2025-04-17 15:00:00,REV,LONG,1.11,TP_MEAN,870.09
2025-04-18 17:00:00,REV,LONG,0.66,TP_MEAN,875.81
2025-04-18 22:15:00,REV,SHORT,0.29,TP_MEAN,878.35
2025-04-19 15:15:00,REV,SHORT,-0.65,SL_HIT,872.61
2025-04-19 20:00:00,REV,SHORT,0.39,TP_MEAN,876.0
2025-04-20 04:15:00,REV,SHORT,0.08,TP_MEAN,876.69
2025-04-20 07:00:00,REV,LONG,-0.64,SL_HIT,871.13
2025-04-21 03:15:00,REV,SHORT,-0.31,TIME_STOP,868.44
2025-04-21 12:00:00,REV,LONG,0.6,TP_MEAN,873.64
2025-04-21 14:15:00,REV,LONG,0.99,TP_MEAN,882.3
2025-04-22 02:15:00,REV,SHORT,1.01,TP_MEAN,891.17
2025-04-22 07:30:00,REV,SHORT,-1.1,SL_HIT,881.41
2025-04-22 13:45:00,REV,SHORT,-0.98,SL_HIT,872.74
2025-04-22 15:00:00,REV,SHORT,-1.79,SL_HIT,857.08
2025-04-22 21:45:00,REV,SHORT,-1.06,SL_HIT,847.96
2025-04-23 12:00:00,REV,SHORT,-1.12,SL_HIT,838.45
2025-04-23 13:30:00,REV,SHORT,1.42,TP_MEAN,850.38
2025-04-24 01:15:00,REV,SHORT,0.88,TP_MEAN,857.84
2025-04-24 06:15:00,REV,LONG,-1.37,SL_HIT,846.08
2025-04-24 08:30:00,REV,LONG,-1.71,SL_HIT,831.6
2025-04-24 13:30:00,REV,SHORT,-1.12,SL_HIT,822.31
2025-04-24 16:15:00,REV,SHORT,-1.96,SL_HIT,806.17
2025-04-25 02:45:00,REV,LONG,-1.05,SL_HIT,797.68
2025-04-25 10:00:00,REV,SHORT,0.56,TP_MEAN,802.16
2025-04-25 11:00:00,REV,LONG,0.62,TP_MEAN,807.15
2025-04-25 13:30:00,REV,LONG,-1.05,SL_HIT,798.69
2025-04-26 01:30:00,REV,SHORT,-1.05,SL_HIT,790.31
2025-04-26 09:00:00,REV,SHORT,1.47,TP_MEAN,801.9
2025-04-26 22:00:00,REV,SHORT,-1.27,SL_HIT,791.74
2025-04-27 00:00:00,REV,SHORT,-1.54,SL_HIT,779.54
2025-04-27 10:30:00,REV,SHORT,0.5,TP_MEAN,783.44
2025-04-27 17:45:00,REV,LONG,0.45,TP_MEAN,786.95
2025-04-27 21:00:00,REV,SHORT,0.99,TP_MEAN,794.71
2025-04-28 03:15:00,REV,LONG,0.72,TP_MEAN,800.43
2025-04-28 20:45:00,REV,SHORT,1.54,TP_MEAN,812.74
2025-04-29 05:00:00,REV,LONG,-0.8,SL_HIT,806.23
2025-04-29 09:00:00,REV,SHORT,-1.27,SL_HIT,796.03
2025-04-29 13:15:00,REV,LONG,-0.91,SL_HIT,788.79
2025-04-29 22:45:00,REV,LONG,-1.01,SL_HIT,780.78
2025-04-30 09:30:00,REV,LONG,0.64,TP_MEAN,785.76
2025-04-30 20:00:00,REV,SHORT,-1.98,SL_HIT,770.17
2025-05-01 02:00:00,REV,SHORT,-0.87,SL_HIT,763.49
2025-05-01 10:15:00,REV,SHORT,-1.0,SL_HIT,755.87
2025-05-01 16:45:00,REV,SHORT,0.95,TP_MEAN,763.08
2025-05-02 00:30:00,REV,LONG,0.45,TP_MEAN,766.54
2025-05-02 08:30:00,REV,LONG,0.23,TP_MEAN,768.3
2025-05-02 13:00:00,REV,SHORT,0.78,TP_MEAN,774.28
2025-05-02 15:15:00,REV,SHORT,0.64,TP_MEAN,779.26
2025-05-03 07:15:00,REV,LONG,0.4,TP_MEAN,782.41
2025-05-03 12:15:00,REV,LONG,1.02,TP_MEAN,790.36
2025-05-03 17:00:00,REV,LONG,-0.95,SL_HIT,782.84
2025-05-03 20:45:00,REV,SHORT,-1.54,SL_HIT,770.79
2025-05-04 14:30:00,REV,LONG,0.98,TP_MEAN,778.38
2025-05-04 19:00:00,REV,LONG,0.3,TP_MEAN,780.69
2025-05-04 22:30:00,REV,SHORT,0.84,TP_MEAN,787.23
2025-05-05 07:30:00,REV,SHORT,-1.93,SL_HIT,772.06
2025-05-05 18:30:00,REV,SHORT,-1.15,SL_HIT,763.2
2025-05-06 04:45:00,REV,LONG,-0.55,TIME_STOP,759.01
2025-05-06 08:15:00,REV,LONG,-1.16,SL_HIT,750.19
2025-05-06 18:15:00,REV,SHORT,-0.97,TIME_STOP,742.92
2025-05-07 10:00:00,REV,SHORT,0.58,TP_MEAN,747.24
2025-05-07 10:30:00,REV,LONG,0.75,TP_MEAN,752.84
2025-05-07 14:00:00,REV,LONG,0.52,TP_MEAN,756.74
2025-05-07 18:00:00,REV,LONG,1.16,TP_MEAN,765.55
2025-05-07 22:30:00,REV,SHORT,-0.86,SL_HIT,758.95
2025-05-08 03:30:00,REV,SHORT,-1.94,SL_HIT,744.23
2025-05-08 15:15:00,REV,SHORT,-1.1,SL_HIT,736.05
2025-05-09 03:45:00,REV,SHORT,0.95,TP_MEAN,743.04
2025-05-09 07:00:00,REV,SHORT,-1.06,SL_HIT,735.2
2025-05-09 17:15:00,REV,LONG,0.96,TP_MEAN,742.24
2025-05-10 00:15:00,REV,SHORT,-0.75,SL_HIT,736.69
2025-05-10 06:45:00,REV,SHORT,-0.84,SL_HIT,730.48
2025-05-10 18:30:00,REV,SHORT,1.16,TP_MEAN,738.96
2025-05-11 00:15:00,REV,SHORT,0.88,TP_MEAN,745.44
2025-05-11 06:45:00,REV,LONG,-1.02,SL_HIT,737.84
2025-05-11 16:45:00,REV,LONG,0.42,TIME_STOP,740.93
2025-05-11 20:45:00,REV,SHORT,0.53,TP_MEAN,744.84
2025-05-11 22:45:00,REV,LONG,0.68,TP_MEAN,749.87
2025-05-12 01:15:00,REV,SHORT,0.67,TP_MEAN,754.92
2025-05-12 07:00:00,REV,SHORT,-0.81,SL_HIT,748.79
2025-05-13 01:30:00,REV,LONG,-1.25,SL_HIT,739.42
2025-05-13 12:15:00,REV,SHORT,1.04,TP_MEAN,747.12
2025-05-13 14:15:00,REV,SHORT,0.82,TP_MEAN,753.22
2025-05-13 16:00:00,REV,SHORT,-2.05,SL_HIT,737.81
2025-05-14 03:00:00,REV,LONG,-1.32,SL_HIT,728.1
2025-05-14 07:15:00,REV,SHORT,0.93,TP_MEAN,734.9
2025-05-14 11:30:00,REV,LONG,1.11,TP_MEAN,743.07
2025-05-14 14:15:00,REV,LONG,-0.97,SL_HIT,735.85
2025-05-15 06:15:00,REV,LONG,0.96,TP_MEAN,742.88
2025-05-15 06:45:00,REV,LONG,1.0,TP_MEAN,750.28
2025-05-15 08:30:00,REV,LONG,1.37,TP_MEAN,760.58
2025-05-15 09:30:00,REV,SHORT,1.86,TP_MEAN,774.74
2025-05-15 14:15:00,REV,LONG,-1.47,SL_HIT,763.37
2025-05-16 12:15:00,TREND,LONG,4.37,TREND_BROKEN,796.76
2025-05-16 21:00:00,REV,LONG,0.75,TP_MEAN,802.71
2025-05-17 01:15:00,REV,LONG,-1.44,SL_HIT,791.12
2025-05-17 14:15:00,REV,LONG,0.6,TP_MEAN,795.86
2025-05-17 20:00:00,REV,LONG,0.54,TP_MEAN,800.17
2025-05-17 21:15:00,REV,SHORT,0.94,TP_MEAN,807.68
2025-05-18 04:30:00,REV,LONG,0.7,TP_MEAN,813.36
2025-05-18 13:45:00,REV,SHORT,-1.05,SL_HIT,804.8
2025-05-19 14:30:00,REV,SHORT,-1.12,SL_HIT,795.81
2025-05-19 23:45:00,REV,SHORT,-1.9,SL_HIT,780.72
2025-05-20 13:00:00,REV,LONG,1.15,TP_MEAN,789.72
2025-05-20 18:45:00,REV,LONG,-0.89,SL_HIT,782.67
2025-05-21 04:00:00,REV,SHORT,0.7,TP_MEAN,788.16
2025-05-21 11:00:00,REV,LONG,0.75,TP_MEAN,794.04
2025-05-21 16:30:00,REV,SHORT,-1.17,SL_HIT,784.72
2025-05-21 19:00:00,REV,LONG,-1.88,SL_HIT,769.94
2025-05-21 23:15:00,REV,SHORT,-1.45,SL_HIT,758.8
2025-05-22 05:45:00,REV,SHORT,0.82,TP_MEAN,765.04
2025-05-22 10:00:00,REV,SHORT,1.19,TP_MEAN,774.15
2025-05-23 02:00:00,REV,SHORT,-0.85,SL_HIT,767.55
2025-05-23 10:15:00,REV,SHORT,1.12,TP_MEAN,776.18
2025-05-24 03:00:00,REV,LONG,1.14,TP_MEAN,785.03
2025-05-24 10:30:00,REV,SHORT,-1.09,SL_HIT,776.51
2025-05-24 17:45:00,REV,SHORT,1.34,TP_MEAN,786.94
2025-05-25 02:45:00,REV,LONG,0.58,TP_MEAN,791.49
2025-05-25 03:30:00,REV,SHORT,-1.67,SL_HIT,778.27
2025-05-25 15:15:00,REV,LONG,-0.83,SL_HIT,771.8
2025-05-25 17:45:00,REV,LONG,0.82,TP_MEAN,778.13
2025-05-25 22:45:00,REV,SHORT,-0.91,SL_HIT,771.02
2025-05-26 00:45:00,REV,SHORT,-1.66,SL_HIT,758.24
2025-05-27 01:15:00,REV,LONG,-0.73,SL_HIT,752.69
2025-05-27 03:00:00,REV,LONG,0.39,TP_MEAN,755.62
2025-05-27 05:45:00,REV,SHORT,-1.09,SL_HIT,747.41
2025-05-27 20:30:00,REV,LONG,-0.94,SL_HIT,740.4
2025-05-28 03:00:00,REV,LONG,0.4,TP_MEAN,743.4
2025-05-28 06:00:00,REV,SHORT,1.0,TP_MEAN,750.81
2025-05-28 14:15:00,REV,LONG,-0.58,SL_HIT,746.44
2025-05-28 18:45:00,REV,LONG,-0.53,TIME_STOP,742.47
2025-05-28 22:30:00,REV,LONG,-0.03,TIME_STOP,742.24
2025-05-29 00:30:00,REV,SHORT,-1.07,SL_HIT,734.27
2025-05-29 12:30:00,REV,LONG,-1.09,SL_HIT,726.24
2025-05-29 13:45:00,REV,LONG,-1.88,SL_HIT,712.62
2025-05-30 00:30:00,REV,LONG,-1.2,SL_HIT,704.07
2025-05-30 12:30:00,REV,LONG,1.0,TP_MEAN,711.15
2025-05-30 14:30:00,REV,LONG,0.95,TP_MEAN,717.88
2025-05-30 16:30:00,REV,LONG,-1.17,SL_HIT,709.49
2025-05-30 19:15:00,REV,SHORT,-1.63,SL_HIT,697.94
2025-05-31 01:15:00,REV,LONG,-1.71,SL_HIT,686.03
2025-05-31 07:00:00,REV,SHORT,1.03,TP_MEAN,693.06
2025-05-31 13:00:00,REV,LONG,0.77,TP_MEAN,698.41
2025-05-31 15:00:00,REV,SHORT,0.89,TP_MEAN,704.63
2025-05-31 19:45:00,REV,SHORT,-0.6,TIME_STOP,700.41
2025-05-31 23:45:00,REV,LONG,-0.91,SL_HIT,694.03
2025-06-01 06:15:00,REV,SHORT,1.46,TP_MEAN,704.13
2025-06-01 10:00:00,REV,LONG,0.81,TP_MEAN,709.85
2025-06-01 23:30:00,REV,SHORT,0.9,TP_MEAN,716.2
2025-06-02 08:30:00,REV,SHORT,-0.71,SL_HIT,711.09
2025-06-02 13:30:00,REV,SHORT,-1.3,SL_HIT,701.88
2025-06-02 22:15:00,REV,SHORT,-0.99,SL_HIT,694.96
2025-06-03 12:30:00,REV,SHORT,-0.95,SL_HIT,688.38
2025-06-03 21:45:00,REV,LONG,-0.71,SL_HIT,683.51
2025-06-05 03:30:00,REV,SHORT,0.5,TP_MEAN,686.92
2025-06-05 07:30:00,REV,LONG,-0.58,SL_HIT,682.97
2025-06-05 13:30:00,REV,SHORT,1.01,TP_MEAN,689.9
2025-06-05 19:15:00,REV,LONG,-2.38,TIME_STOP,673.5
2025-06-06 03:45:00,REV,SHORT,-1.1,SL_HIT,666.1
2025-06-06 11:15:00,REV,SHORT,-0.43,TIME_STOP,663.22
2025-06-06 13:00:00,REV,LONG,0.58,TP_MEAN,667.07
2025-06-06 16:00:00,REV,SHORT,-0.94,SL_HIT,660.82
2025-06-06 22:00:00,REV,SHORT,0.67,TP_MEAN,665.22
2025-06-07 05:45:00,REV,SHORT,-0.79,SL_HIT,659.99
2025-06-07 13:15:00,REV,SHORT,-0.66,SL_HIT,655.61
2025-06-07 21:00:00,REV,SHORT,0.78,TP_MEAN,660.73
2025-06-08 03:30:00,REV,LONG,0.4,TP_MEAN,663.38
2025-06-08 10:00:00,REV,LONG,-0.44,SL_HIT,660.47
2025-06-08 19:30:00,REV,SHORT,0.07,TIME_STOP,660.94
2025-06-09 08:15:00,REV,SHORT,0.72,TP_MEAN,665.72
2025-06-09 17:15:00,REV,SHORT,-1.01,SL_HIT,659.0
2025-06-09 21:45:00,REV,SHORT,-1.66,SL_HIT,648.06
2025-06-10 22:30:00,REV,SHORT,1.11,TP_MEAN,655.24
2025-06-11 04:30:00,REV,SHORT,-0.84,SL_HIT,649.76
2025-06-11 09:45:00,REV,LONG,-0.82,SL_HIT,644.41
2025-06-11 15:30:00,REV,SHORT,0.0,TIME_STOP,644.42
2025-06-11 20:45:00,REV,LONG,-0.35,TIME_STOP,642.16
2025-06-12 00:15:00,REV,LONG,0.64,TP_MEAN,646.29
2025-06-12 05:15:00,REV,LONG,0.33,TP_MEAN,648.4
2025-06-12 15:00:00,REV,SHORT,-1.03,SL_HIT,641.75
2025-06-12 18:45:00,REV,SHORT,0.85,TP_MEAN,647.22
2025-06-13 14:45:00,REV,LONG,1.81,TP_MEAN,658.95
2025-06-13 16:30:00,REV,SHORT,1.48,TP_MEAN,668.7
2025-06-13 23:00:00,REV,SHORT,-1.41,SL_HIT,659.24
2025-06-14 07:00:00,REV,LONG,-1.15,SL_HIT,651.66
2025-06-14 13:30:00,REV,SHORT,0.71,TP_MEAN,656.29
2025-06-14 19:00:00,REV,LONG,0.52,TP_MEAN,659.73
2025-06-14 22:00:00,REV,SHORT,-1.22,SL_HIT,651.66
2025-06-15 07:00:00,REV,LONG,-0.75,SL_HIT,646.79
2025-06-15 18:45:00,REV,LONG,-0.51,TIME_STOP,643.48
2025-06-15 20:15:00,REV,LONG,-0.88,SL_HIT,637.83
2025-06-16 11:45:00,REV,LONG,1.14,TP_MEAN,645.09
2025-06-16 14:30:00,TREND,LONG,-1.63,SL_HIT,634.55
2025-06-16 19:30:00,REV,SHORT,0.63,TP_MEAN,638.53
2025-06-17 10:30:00,REV,LONG,-1.57,SL_HIT,628.53
2025-06-17 15:15:00,REV,LONG,-0.98,SL_HIT,622.34
2025-06-17 18:45:00,REV,LONG,0.72,TP_MEAN,626.8
2025-06-18 10:45:00,REV,LONG,-1.05,SL_HIT,620.23
2025-06-18 20:45:00,REV,SHORT,-1.14,SL_HIT,613.18
2025-06-19 11:45:00,REV,SHORT,0.16,TP_MEAN,614.17
2025-06-19 22:45:00,REV,SHORT,-0.77,SL_HIT,609.46
2025-06-20 04:45:00,REV,LONG,-0.66,SL_HIT,605.43
2025-06-20 07:45:00,REV,SHORT,-1.03,SL_HIT,599.22
2025-06-20 13:45:00,REV,SHORT,0.71,TP_MEAN,603.47
2025-06-21 07:00:00,REV,SHORT,0.29,TP_MEAN,605.23
2025-06-21 13:45:00,REV,LONG,-0.86,SL_HIT,600.02
2025-06-22 14:15:00,REV,LONG,-1.81,SL_HIT,589.19
2025-06-23 07:45:00,REV,SHORT,0.41,TP_MEAN,591.62
2025-06-23 12:30:00,REV,LONG,0.39,TP_MEAN,593.95
2025-06-23 14:00:00,REV,SHORT,-1.23,SL_HIT,586.66
2025-06-24 06:15:00,REV,SHORT,-1.38,TIME_STOP,578.55
2025-06-24 16:30:00,REV,SHORT,-0.92,SL_HIT,573.22
2025-06-25 02:00:00,REV,SHORT,-1.01,SL_HIT,567.44
2025-06-25 08:45:00,REV,LONG,0.44,TP_MEAN,569.95
2025-06-25 12:30:00,REV,LONG,-0.54,TIME_STOP,566.87
2025-06-25 14:45:00,REV,LONG,0.9,TP_MEAN,571.97
2025-06-26 00:15:00,REV,LONG,0.31,TP_MEAN,573.74
2025-06-26 02:45:00,REV,SHORT,-1.06,SL_HIT,567.66
2025-06-26 09:00:00,REV,SHORT,0.93,TP_MEAN,572.95
2025-06-26 15:15:00,REV,LONG,1.11,TP_MEAN,579.3
2025-06-26 20:30:00,REV,SHORT,-0.85,SL_HIT,574.4
2025-06-27 04:45:00,REV,SHORT,-1.63,TIME_STOP,565.03
2025-06-27 09:45:00,REV,SHORT,-0.97,SL_HIT,559.57
2025-06-27 16:30:00,REV,SHORT,-1.05,SL_HIT,553.71
2025-06-28 07:45:00,REV,LONG,0.19,TP_MEAN,554.77
2025-06-28 18:45:00,REV,SHORT,0.29,TP_MEAN,556.36
2025-06-28 23:00:00,REV,SHORT,-0.79,SL_HIT,551.96
2025-06-29 07:00:00,REV,SHORT,-0.83,SL_HIT,547.37
2025-06-29 20:15:00,REV,SHORT,0.7,TP_MEAN,551.19
2025-06-30 09:45:00,REV,LONG,-0.67,TIME_STOP,547.5
2025-06-30 14:45:00,REV,SHORT,0.45,TP_MEAN,549.97
2025-06-30 15:45:00,REV,SHORT,-0.96,SL_HIT,544.7
2025-06-30 19:45:00,REV,SHORT,-1.43,SL_HIT,536.91
2025-07-01 04:30:00,REV,LONG,-0.77,SL_HIT,532.78
2025-07-01 12:15:00,REV,LONG,-0.82,SL_HIT,528.39
2025-07-01 21:15:00,REV,LONG,0.36,TP_MEAN,530.28
2025-07-02 01:30:00,REV,LONG,0.43,TP_MEAN,532.57
2025-07-02 06:00:00,REV,SHORT,-0.57,SL_HIT,529.56
2025-07-03 03:15:00,REV,LONG,-0.28,TIME_STOP,528.08
2025-07-03 07:30:00,REV,SHORT,-1.14,SL_HIT,522.08
2025-07-03 13:30:00,REV,LONG,0.94,TP_MEAN,527.01
2025-07-04 01:30:00,REV,SHORT,0.53,TP_MEAN,529.8
2025-07-04 10:15:00,REV,LONG,-0.67,TIME_STOP,526.24
2025-07-04 14:00:00,REV,LONG,-1.16,SL_HIT,520.16
2025-07-04 22:30:00,REV,SHORT,-0.78,SL_HIT,516.12
2025-07-05 04:45:00,REV,SHORT,0.33,TP_MEAN,517.82
2025-07-05 08:00:00,REV,SHORT,-0.8,SL_HIT,513.69
2025-07-05 11:30:00,REV,SHORT,-0.85,SL_HIT,509.33
2025-07-05 19:15:00,REV,LONG,0.29,TP_MEAN,510.8
2025-07-05 22:45:00,REV,SHORT,-1.18,SL_HIT,504.75
2025-07-06 13:15:00,REV,SHORT,-0.57,SL_HIT,501.87
2025-07-06 19:45:00,REV,LONG,0.47,TP_MEAN,504.24
2025-07-06 21:15:00,REV,SHORT,-0.73,SL_HIT,500.58
2025-07-07 05:30:00,REV,SHORT,0.67,TP_MEAN,503.92
2025-07-07 07:15:00,REV,LONG,0.54,TP_MEAN,506.62
2025-07-07 13:45:00,REV,SHORT,-0.6,SL_HIT,503.57
2025-07-07 16:45:00,REV,LONG,-0.92,SL_HIT,498.93
2025-07-07 22:30:00,REV,LONG,0.83,TP_MEAN,503.06
2025-07-08 01:00:00,REV,SHORT,1.18,TP_MEAN,508.98
2025-07-08 11:15:00,REV,SHORT,-0.75,SL_HIT,505.17
2025-07-08 20:00:00,REV,SHORT,0.78,TIME_STOP,509.11
2025-07-09 05:30:00,REV,SHORT,-1.07,SL_HIT,503.68
2025-07-09 13:45:00,REV,SHORT,0.82,TP_MEAN,507.79
2025-07-09 18:00:00,REV,LONG,0.74,TP_MEAN,511.57
2025-07-09 19:45:00,REV,SHORT,-1.05,SL_HIT,506.22
2025-07-10 00:00:00,REV,SHORT,1.59,TP_MEAN,514.25
2025-07-10 06:45:00,REV,LONG,0.42,TP_MEAN,516.44
2025-07-10 08:30:00,REV,LONG,0.51,TP_MEAN,519.05
2025-07-10 16:15:00,REV,SHORT,-0.83,SL_HIT,514.73
2025-07-10 21:45:00,REV,SHORT,-1.65,SL_HIT,506.22
2025-07-11 05:30:00,REV,SHORT,-1.11,SL_HIT,500.62
2025-07-11 11:45:00,REV,SHORT,1.09,TP_MEAN,506.1
2025-07-11 15:45:00,REV,LONG,-1.34,SL_HIT,499.3
2025-07-11 21:00:00,REV,LONG,-0.89,SL_HIT,494.87
2025-07-12 15:00:00,REV,LONG,-1.28,SL_HIT,488.54
2025-07-12 21:15:00,REV,LONG,0.47,TP_MEAN,490.81
2025-07-12 22:15:00,REV,SHORT,0.38,TP_MEAN,492.68
2025-07-13 04:15:00,REV,SHORT,0.23,TP_MEAN,493.82
2025-07-13 12:15:00,REV,LONG,0.59,TP_MEAN,496.75
2025-07-13 13:45:00,REV,SHORT,-0.8,SL_HIT,492.77
2025-07-14 03:00:00,REV,SHORT,-1.52,SL_HIT,485.27
2025-07-14 11:30:00,REV,SHORT,1.3,TP_MEAN,491.59
2025-07-14 15:45:00,REV,LONG,-1.24,SL_HIT,485.52
2025-07-14 19:00:00,REV,LONG,-1.35,TIME_STOP,478.97
2025-07-15 02:15:00,REV,LONG,-1.04,SL_HIT,473.97
2025-07-15 04:15:00,REV,LONG,1.56,TP_MEAN,481.36
2025-07-15 07:45:00,REV,SHORT,1.34,TP_MEAN,487.79
2025-07-16 08:00:00,REV,SHORT,0.28,TIME_STOP,489.13
2025-07-16 15:00:00,REV,SHORT,0.62,TP_MEAN,492.14
2025-07-16 17:00:00,REV,LONG,0.89,TP_MEAN,496.52
2025-07-17 00:30:00,REV,LONG,0.56,TP_MEAN,499.29
2025-07-17 08:30:00,REV,SHORT,0.77,TP_MEAN,503.14
2025-07-17 10:45:00,REV,SHORT,1.45,TP_MEAN,510.43
2025-07-17 21:00:00,REV,LONG,1.49,TP_MEAN,518.06
2025-07-18 02:45:00,REV,SHORT,1.52,TP_MEAN,525.93
2025-07-18 09:15:00,REV,LONG,1.56,TP_MEAN,534.13
2025-07-18 13:00:00,REV,SHORT,1.59,TP_MEAN,542.61
2025-07-18 15:15:00,REV,LONG,-1.54,SL_HIT,534.24
2025-07-18 21:00:00,REV,LONG,1.72,TP_MEAN,543.4
2025-07-19 00:45:00,REV,SHORT,1.47,TP_MEAN,551.4
2025-07-19 08:30:00,REV,LONG,-1.13,SL_HIT,545.17
2025-07-19 15:15:00,REV,LONG,0.63,TP_MEAN,548.6
2025-07-19 17:15:00,REV,SHORT,0.67,TP_MEAN,552.29
2025-07-20 05:30:00,REV,SHORT,0.55,TP_MEAN,555.34
2025-07-20 08:45:00,REV,SHORT,-0.96,SL_HIT,550.02
2025-07-20 15:45:00,REV,SHORT,-0.91,SL_HIT,545.0
2025-07-20 22:15:00,REV,LONG,-1.1,SL_HIT,539.01
2025-07-21 03:30:00,REV,SHORT,-1.23,SL_HIT,532.36
2025-07-21 13:30:00,REV,LONG,0.8,TP_MEAN,536.62
2025-07-22 00:30:00,REV,SHORT,0.59,TP_MEAN,539.8
2025-07-22 10:30:00,REV,LONG,0.93,TP_MEAN,544.84
2025-07-22 14:45:00,REV,LONG,1.22,TP_MEAN,551.48
2025-07-22 20:45:00,REV,LONG,1.08,TP_MEAN,557.42
2025-07-23 06:15:00,REV,LONG,-0.82,SL_HIT,552.83
2025-07-23 10:30:00,REV,LONG,1.12,TP_MEAN,559.02
2025-07-23 12:30:00,REV,LONG,-1.02,SL_HIT,553.31
2025-07-23 21:45:00,REV,LONG,1.38,TP_MEAN,560.94
2025-07-24 16:15:00,REV,SHORT,1.25,TP_MEAN,567.97
2025-07-24 23:00:00,REV,LONG,-0.75,SL_HIT,563.68
2025-07-25 09:30:00,REV,SHORT,-1.29,SL_HIT,556.43
2025-07-25 15:30:00,REV,LONG,-1.18,SL_HIT,549.86
2025-07-25 21:15:00,REV,SHORT,-0.74,SL_HIT,545.78
2025-07-26 02:30:00,REV,SHORT,-0.85,SL_HIT,541.16
2025-07-26 17:30:00,REV,LONG,-0.49,TIME_STOP,538.53
2025-07-26 22:00:00,REV,SHORT,-0.31,TIME_STOP,536.85
2025-07-27 01:00:00,REV,LONG,0.31,TP_MEAN,538.5
2025-07-27 06:30:00,REV,SHORT,0.53,TP_MEAN,541.34
2025-07-27 11:45:00,REV,SHORT,0.62,TP_MEAN,544.72
2025-07-27 16:30:00,REV,SHORT,-0.66,SL_HIT,541.15
2025-07-27 19:30:00,REV,SHORT,0.45,TP_MEAN,543.59
2025-07-27 23:00:00,REV,SHORT,0.73,TP_MEAN,547.57
2025-07-28 12:45:00,REV,LONG,-0.59,SL_HIT,544.33
2025-07-28 21:30:00,REV,LONG,0.5,TP_MEAN,547.07
2025-07-29 09:15:00,REV,SHORT,1.02,TP_MEAN,552.63
2025-07-29 12:30:00,REV,LONG,0.57,TP_MEAN,555.76
2025-07-29 17:15:00,REV,LONG,0.77,TP_MEAN,560.03
2025-07-30 01:30:00,REV,LONG,0.49,TP_MEAN,562.79
2025-07-30 04:30:00,REV,SHORT,0.33,TP_MEAN,564.66
2025-07-30 10:45:00,REV,LONG,-0.74,SL_HIT,560.46
2025-07-30 19:00:00,REV,LONG,-1.36,SL_HIT,552.82
2025-07-31 03:30:00,REV,SHORT,-0.6,TIME_STOP,549.5
2025-07-31 06:30:00,REV,LONG,0.28,TP_MEAN,551.05
2025-07-31 08:15:00,REV,LONG,0.26,TP_MEAN,552.5
2025-07-31 16:30:00,TREND,SHORT,1.64,TREND_BROKEN,561.55
2025-07-31 22:30:00,REV,LONG,-1.01,SL_HIT,555.9
2025-08-01 08:00:00,REV,LONG,-1.1,SL_HIT,549.77
2025-08-01 12:30:00,REV,SHORT,-1.0,SL_HIT,544.29
2025-08-02 06:15:00,REV,LONG,-0.52,SL_HIT,541.48
2025-08-02 16:30:00,REV,LONG,-0.93,SL_HIT,536.44
2025-08-02 17:45:00,REV,LONG,-1.21,SL_HIT,529.93
2025-08-03 03:00:00,REV,SHORT,-0.87,SL_HIT,525.34
2025-08-03 08:00:00,REV,SHORT,-0.5,SL_HIT,522.72
2025-08-03 17:15:00,REV,SHORT,0.38,TP_MEAN,524.72
2025-08-04 00:15:00,REV,SHORT,-0.5,SL_HIT,522.11
2025-08-04 07:00:00,REV,LONG,0.49,TP_MEAN,524.69
2025-08-04 11:15:00,REV,SHORT,0.32,TP_MEAN,526.34
2025-08-04 18:30:00,REV,SHORT,1.35,TP_MEAN,533.46
2025-08-05 03:00:00,REV,LONG,-0.94,SL_HIT,528.43
2025-08-05 09:30:00,REV,LONG,0.74,TP_MEAN,532.33
2025-08-05 14:30:00,REV,LONG,-1.41,SL_HIT,524.83
2025-08-06 00:45:00,REV,SHORT,0.3,TP_MEAN,526.42
2025-08-06 05:30:00,REV,SHORT,-0.96,SL_HIT,521.37
2025-08-06 13:30:00,REV,LONG,0.68,TP_MEAN,524.89
2025-08-06 15:00:00,REV,SHORT,-0.85,SL_HIT,520.4
2025-08-07 01:15:00,REV,SHORT,0.29,TP_MEAN,521.92
2025-08-07 09:00:00,REV,SHORT,-0.32,TIME_STOP,520.26
2025-08-07 12:15:00,REV,SHORT,-1.29,SL_HIT,513.56
2025-08-07 19:30:00,REV,SHORT,-0.96,SL_HIT,508.65
2025-08-08 06:45:00,REV,LONG,0.57,TP_MEAN,511.54
2025-08-08 09:15:00,REV,SHORT,1.01,TP_MEAN,516.72
2025-08-08 13:45:00,REV,SHORT,-0.62,SL_HIT,513.52
2025-08-08 18:15:00,REV,SHORT,-1.34,SL_HIT,506.63
2025-08-09 04:30:00,REV,SHORT,-0.61,SL_HIT,503.53
2025-08-09 14:30:00,REV,LONG,0.96,TP_MEAN,508.35
2025-08-09 22:30:00,REV,SHORT,0.9,TP_MEAN,512.9
2025-08-10 04:30:00,REV,LONG,0.63,TP_MEAN,516.14
2025-08-10 14:15:00,REV,LONG,0.85,TP_MEAN,520.53
2025-08-10 17:15:00,REV,SHORT,0.54,TP_MEAN,523.36
2025-08-11 00:00:00,REV,SHORT,0.38,TP_MEAN,525.33
2025-08-11 11:00:00,REV,LONG,-0.94,SL_HIT,520.4
2025-08-11 21:00:00,REV,LONG,0.58,TP_MEAN,523.4
2025-08-11 21:30:00,REV,LONG,-0.97,SL_HIT,518.33
2025-08-12 04:00:00,REV,SHORT,1.17,TP_MEAN,524.37
2025-08-12 11:00:00,REV,LONG,-0.77,SL_HIT,520.31
2025-08-13 05:30:00,REV,SHORT,0.98,TP_MEAN,525.4
2025-08-13 10:45:00,REV,SHORT,-0.92,SL_HIT,520.59
2025-08-13 16:00:00,REV,LONG,1.55,TP_MEAN,528.67
2025-08-14 06:00:00,REV,SHORT,0.46,TP_MEAN,531.1
2025-08-14 09:00:00,REV,LONG,-1.55,SL_HIT,522.86
2025-08-14 22:30:00,REV,LONG,0.87,TP_MEAN,527.41
2025-08-15 12:15:00,REV,LONG,0.59,TP_MEAN,530.54
2025-08-15 14:15:00,REV,LONG,-0.92,SL_HIT,525.66
2025-08-15 22:45:00,REV,SHORT,-0.65,SL_HIT,522.24
2025-08-16 02:45:00,REV,SHORT,0.32,TP_MEAN,523.9
2025-08-16 06:30:00,REV,LONG,-0.62,SL_HIT,520.67
2025-08-16 09:45:00,REV,LONG,-1.02,SL_HIT,515.37
2025-08-16 17:15:00,REV,SHORT,0.62,TP_MEAN,518.58
2025-08-16 22:00:00,REV,SHORT,0.38,TP_MEAN,520.53
2025-08-17 03:15:00,REV,SHORT,0.24,TP_MEAN,521.79
2025-08-17 04:00:00,REV,SHORT,-0.59,SL_HIT,518.7
2025-08-17 11:45:00,REV,SHORT,-0.89,TIME_STOP,514.08
2025-08-17 21:45:00,REV,LONG,-0.48,TIME_STOP,511.61
2025-08-18 02:00:00,REV,LONG,-1.1,SL_HIT,505.97
2025-08-18 13:00:00,REV,SHORT,-1.08,SL_HIT,500.51
2025-08-18 20:00:00,REV,SHORT,0.85,TP_MEAN,504.79
2025-08-18 22:45:00,REV,SHORT,0.8,TP_MEAN,508.85
2025-08-19 00:45:00,REV,LONG,1.25,TP_MEAN,515.2
2025-08-19 06:30:00,REV,LONG,0.41,TP_MEAN,517.29
2025-08-19 11:15:00,REV,SHORT,-0.94,SL_HIT,512.41
2025-08-19 14:15:00,REV,LONG,-1.03,SL_HIT,507.14
2025-08-19 19:15:00,REV,LONG,0.97,TP_MEAN,512.08
2025-08-20 06:15:00,REV,SHORT,-0.65,TIME_STOP,508.76
2025-08-20 08:45:00,REV,SHORT,-1.35,SL_HIT,501.87
2025-08-20 14:30:00,REV,LONG,0.76,TP_MEAN,505.69
2025-08-20 18:00:00,REV,SHORT,0.23,TIME_STOP,506.84
2025-08-20 22:15:00,REV,SHORT,-0.4,TIME_STOP,504.83
2025-08-21 02:15:00,REV,SHORT,0.61,TP_MEAN,507.93
2025-08-21 14:00:00,REV,LONG,0.48,TP_MEAN,510.36
2025-08-22 02:15:00,REV,SHORT,-1.04,SL_HIT,505.04
2025-08-22 09:15:00,REV,SHORT,1.18,TP_MEAN,510.97
2025-08-22 12:30:00,REV,LONG,-1.54,SL_HIT,503.11
2025-08-23 03:00:00,REV,SHORT,1.21,TP_MEAN,509.21
2025-08-23 09:30:00,REV,LONG,0.92,TP_MEAN,513.91
2025-08-24 08:00:00,REV,LONG,0.51,TP_MEAN,516.53
2025-08-24 13:00:00,REV,LONG,0.49,TP_MEAN,519.06
2025-08-24 16:45:00,REV,SHORT,0.52,TP_MEAN,521.75
2025-08-24 19:30:00,REV,SHORT,1.18,TP_MEAN,527.89
2025-08-25 01:15:00,REV,LONG,1.08,TP_MEAN,533.58
2025-08-25 14:00:00,TREND,SHORT,4.45,TREND_BROKEN,557.3
2025-08-25 19:15:00,REV,LONG,-0.8,SL_HIT,552.86
2025-08-25 20:00:00,REV,LONG,-1.43,SL_HIT,544.94
2025-08-26 11:30:00,REV,SHORT,1.01,TP_MEAN,550.44
2025-08-26 13:30:00,REV,SHORT,1.38,TP_MEAN,558.02
2025-08-26 16:30:00,REV,LONG,1.02,TP_MEAN,563.71
2025-08-26 20:45:00,REV,SHORT,-1.21,SL_HIT,556.89
2025-08-27 01:15:00,REV,LONG,-0.85,SL_HIT,552.18
2025-08-27 08:45:00,REV,LONG,-0.76,SL_HIT,548.0
2025-08-27 12:15:00,REV,SHORT,0.46,TP_MEAN,550.54
2025-08-27 14:30:00,TREND,SHORT,-0.79,SL_HIT,546.19
2025-08-27 19:30:00,REV,LONG,0.69,TP_MEAN,549.97
2025-08-28 01:00:00,REV,LONG,0.03,TIME_STOP,550.16
2025-08-28 03:45:00,REV,SHORT,-0.71,SL_HIT,546.25
2025-08-28 09:00:00,REV,LONG,-0.75,SL_HIT,542.17
2025-08-28 16:15:00,REV,LONG,0.51,TP_MEAN,544.96
2025-08-28 21:30:00,REV,LONG,0.68,TP_MEAN,548.68
2025-08-29 05:45:00,REV,LONG,0.38,TP_MEAN,550.79
2025-08-29 06:30:00,REV,LONG,-0.68,SL_HIT,547.06
2025-08-29 13:45:00,REV,SHORT,0.94,TP_MEAN,552.18
2025-08-30 04:45:00,REV,LONG,0.98,TIME_STOP,557.58
2025-08-30 08:15:00,REV,SHORT,0.6,TP_MEAN,560.92
2025-08-30 14:45:00,REV,LONG,0.57,TP_MEAN,564.11
2025-08-30 23:00:00,REV,SHORT,-0.48,SL_HIT,561.4
2025-08-31 03:45:00,REV,SHORT,-0.73,TIME_STOP,557.29
2025-08-31 08:00:00,REV,LONG,0.64,TP_MEAN,560.84
2025-08-31 13:30:00,REV,SHORT,0.26,TP_MEAN,562.27
2025-08-31 20:45:00,REV,SHORT,0.34,TP_MEAN,564.16
2025-08-31 23:30:00,REV,LONG,-0.82,SL_HIT,559.53
2025-09-01 07:15:00,REV,LONG,0.44,TP_MEAN,561.98
2025-09-01 07:45:00,REV,SHORT,-0.84,SL_HIT,557.24
2025-09-01 17:15:00,REV,LONG,-0.8,SL_HIT,552.75
2025-09-01 23:30:00,REV,LONG,0.54,TIME_STOP,555.75
2025-09-02 04:00:00,REV,SHORT,-1.38,SL_HIT,548.09
2025-09-02 07:30:00,REV,SHORT,0.96,TP_MEAN,553.37
2025-09-02 12:45:00,REV,LONG,-0.84,SL_HIT,548.74
2025-09-02 23:15:00,REV,SHORT,-0.11,TIME_STOP,548.13
2025-09-03 01:45:00,REV,LONG,0.34,TP_MEAN,550.02
2025-09-03 12:45:00,REV,SHORT,0.15,TP_MEAN,550.85
2025-09-03 16:30:00,REV,SHORT,0.68,TP_MEAN,554.6
2025-09-03 21:30:00,REV,SHORT,0.41,TP_MEAN,556.85
2025-09-04 00:30:00,REV,SHORT,-0.5,SL_HIT,554.09
2025-09-04 12:30:00,REV,SHORT,0.66,TP_MEAN,557.77
2025-09-04 15:15:00,REV,LONG,-1.14,SL_HIT,551.43
2025-09-05 01:45:00,REV,LONG,0.4,TP_MEAN,553.66
2025-09-05 07:15:00,REV,SHORT,-0.59,SL_HIT,550.4
2025-09-05 14:00:00,REV,SHORT,0.54,TP_MEAN,553.35
2025-09-05 21:15:00,REV,SHORT,0.59,TP_MEAN,556.64
2025-09-06 05:45:00,REV,LONG,0.17,TP_MEAN,557.6
2025-09-06 15:00:00,REV,SHORT,0.22,TP_MEAN,558.83
2025-09-06 21:45:00,REV,LONG,0.25,TP_MEAN,560.24
2025-09-07 01:45:00,REV,SHORT,-0.47,SL_HIT,557.63
2025-09-07 09:00:00,REV,SHORT,0.21,TP_MEAN,558.8
2025-09-07 09:30:00,REV,LONG,-0.4,SL_HIT,556.54
2025-09-07 19:30:00,REV,LONG,0.21,TP_MEAN,557.7
2025-09-07 22:45:00,REV,SHORT,-0.55,SL_HIT,554.63
2025-09-07 23:45:00,REV,SHORT,0.79,TP_MEAN,559.0
2025-09-08 10:15:00,REV,SHORT,-0.56,SL_HIT,555.86
2025-09-08 13:30:00,REV,SHORT,-0.81,SL_HIT,551.39
2025-09-08 21:45:00,REV,LONG,0.31,TP_MEAN,553.11
2025-09-09 04:15:00,REV,LONG,0.31,TP_MEAN,554.82
2025-09-09 06:45:00,REV,SHORT,-0.86,SL_HIT,550.05
2025-09-09 12:15:00,REV,LONG,0.56,TP_MEAN,553.11
2025-09-09 14:00:00,REV,LONG,-1.09,SL_HIT,547.1
2025-09-09 17:30:00,REV,LONG,-0.54,TIME_STOP,544.13
2025-09-10 01:15:00,TREND,SHORT,-0.53,SL_HIT,541.27
2025-09-10 03:15:00,REV,SHORT,0.6,TP_MEAN,544.51
2025-09-10 22:00:00,REV,LONG,0.01,TP_MEAN,544.55
2025-09-11 04:45:00,REV,SHORT,-0.79,SL_HIT,540.26
2025-09-11 07:45:00,REV,SHORT,0.85,TP_MEAN,544.86
2025-09-11 12:30:00,REV,SHORT,0.65,TP_MEAN,548.43
2025-09-11 13:45:00,REV,LONG,0.83,TP_MEAN,552.96
2025-09-11 19:30:00,REV,SHORT,-0.55,SL_HIT,549.92
2025-09-12 01:45:00,REV,SHORT,0.73,TP_MEAN,553.91
2025-09-12 05:45:00,REV,SHORT,-0.68,SL_HIT,550.14
2025-09-12 10:30:00,REV,LONG,0.99,TP_MEAN,555.59
2025-09-13 00:15:00,REV,SHORT,0.42,TP_MEAN,557.94
2025-09-13 08:30:00,REV,LONG,0.33,TP_MEAN,559.77
2025-09-13 11:00:00,REV,SHORT,0.58,TP_MEAN,563.01
2025-09-13 13:45:00,REV,SHORT,0.56,TP_MEAN,566.19
2025-09-13 17:00:00,REV,LONG,-1.18,SL_HIT,559.49
2025-09-14 01:00:00,REV,LONG,-0.43,SL_HIT,557.11
2025-09-14 11:30:00,REV,LONG,-0.56,SL_HIT,553.96
2025-09-14 14:30:00,REV,LONG,-1.14,SL_HIT,547.62
2025-09-14 20:45:00,REV,SHORT,-0.31,TIME_STOP,545.91
2025-09-15 01:30:00,REV,LONG,0.79,TP_MEAN,550.25
2025-09-15 06:30:00,REV,SHORT,0.18,TP_MEAN,551.23
2025-09-15 08:00:00,REV,LONG,-0.98,SL_HIT,545.85
2025-09-15 17:45:00,REV,LONG,0.23,TP_MEAN,547.08
2025-09-15 22:00:00,REV,SHORT,-0.64,SL_HIT,543.6
2025-09-16 02:45:00,REV,LONG,-0.49,SL_HIT,540.93
2025-09-16 06:15:00,REV,LONG,0.18,TP_MEAN,541.92
2025-09-16 10:00:00,REV,SHORT,0.43,TP_MEAN,544.26
2025-09-16 14:30:00,REV,LONG,-0.96,SL_HIT,539.03
2025-09-16 20:15:00,REV,SHORT,-0.5,TIME_STOP,536.33
2025-09-17 04:15:00,REV,LONG,-0.6,SL_HIT,533.14
2025-09-17 16:15:00,REV,LONG,-0.67,SL_HIT,529.59
2025-09-17 17:45:00,REV,SHORT,0.73,TP_MEAN,533.43
2025-09-17 20:00:00,REV,SHORT,-1.06,SL_HIT,527.77
2025-09-18 05:15:00,REV,SHORT,0.53,TP_MEAN,530.57
2025-09-18 08:00:00,REV,LONG,0.7,TP_MEAN,534.3
2025-09-18 16:30:00,REV,SHORT,-0.66,SL_HIT,530.74
2025-09-18 19:15:00,REV,SHORT,0.38,TP_MEAN,532.74
2025-09-19 00:00:00,REV,LONG,0.35,TP_MEAN,534.58
2025-09-19 06:30:00,REV,LONG,-0.09,TIME_STOP,534.1
2025-09-19 09:45:00,REV,SHORT,0.46,TP_MEAN,536.57
2025-09-20 01:30:00,REV,SHORT,0.51,TP_MEAN,539.3
2025-09-20 09:00:00,REV,LONG,-0.48,SL_HIT,536.69
2025-09-20 14:30:00,REV,LONG,0.17,TP_MEAN,537.63
2025-09-20 15:00:00,REV,SHORT,-0.45,SL_HIT,535.23
2025-09-20 22:00:00,REV,SHORT,0.5,TP_MEAN,537.9
2025-09-21 08:00:00,REV,SHORT,0.27,TP_MEAN,539.38
2025-09-21 14:45:00,REV,SHORT,0.48,TP_MEAN,541.99
2025-09-21 17:45:00,REV,LONG,0.66,TP_MEAN,545.58
2025-09-21 20:30:00,REV,SHORT,0.72,TP_MEAN,549.51
2025-09-22 06:00:00,REV,LONG,-1.83,SL_HIT,539.47
2025-09-22 14:45:00,REV,SHORT,0.55,TP_MEAN,542.45
2025-09-22 20:30:00,REV,LONG,0.38,TP_MEAN,544.5
2025-09-23 00:30:00,REV,SHORT,0.25,TP_MEAN,545.86
2025-09-23 03:30:00,REV,LONG,0.67,TP_MEAN,549.49
2025-09-23 11:30:00,REV,LONG,0.55,TP_MEAN,552.51
2025-09-24 04:00:00,REV,LONG,-1.13,SL_HIT,546.29
2025-09-24 21:45:00,REV,LONG,-0.47,SL_HIT,543.73
2025-09-25 02:30:00,TREND,SHORT,-0.33,SL_HIT,541.91
2025-09-25 04:45:00,REV,LONG,-1.71,SL_HIT,532.65
2025-09-25 10:30:00,REV,SHORT,0.82,TP_MEAN,537.01
2025-09-25 18:45:00,REV,LONG,1.61,TP_MEAN,545.68
2025-09-26 02:45:00,REV,SHORT,-1.08,SL_HIT,539.79
2025-09-26 08:15:00,REV,LONG,0.56,TP_MEAN,542.83
2025-09-26 12:30:00,REV,LONG,0.36,TP_MEAN,544.76
2025-09-26 16:45:00,REV,SHORT,-1.56,TIME_STOP,536.25
2025-09-27 03:45:00,REV,SHORT,0.32,TP_MEAN,537.96
2025-09-27 09:00:00,REV,LONG,-0.6,SL_HIT,534.74
2025-09-27 15:45:00,REV,LONG,0.38,TP_MEAN,536.76
2025-09-27 20:00:00,REV,LONG,0.08,TP_MEAN,537.21
2025-09-27 22:00:00,REV,SHORT,-0.39,SL_HIT,535.12
2025-09-28 03:00:00,REV,LONG,0.47,TP_MEAN,537.66
2025-09-28 06:15:00,REV,SHORT,0.42,TP_MEAN,539.92
2025-09-28 13:00:00,REV,LONG,0.58,TP_MEAN,543.05
2025-09-28 16:00:00,REV,SHORT,-0.96,SL_HIT,537.81
2025-09-28 22:00:00,REV,SHORT,-0.81,SL_HIT,533.45
2025-09-29 05:15:00,REV,LONG,-0.56,SL_HIT,530.45
2025-09-29 08:15:00,REV,LONG,0.26,TP_MEAN,531.83
2025-09-29 10:30:00,REV,SHORT,0.71,TP_MEAN,535.61
2025-09-29 16:45:00,REV,SHORT,0.54,TP_MEAN,538.49
2025-09-29 21:15:00,REV,SHORT,-0.96,SL_HIT,533.3
2025-09-30 03:45:00,REV,LONG,-0.39,TIME_STOP,531.19
2025-09-30 09:00:00,REV,LONG,-0.56,SL_HIT,528.2
2025-09-30 16:30:00,REV,LONG,-0.96,SL_HIT,523.13
2025-09-30 20:30:00,REV,SHORT,-1.24,SL_HIT,516.63
2025-10-01 04:30:00,REV,LONG,0.46,TP_MEAN,519.01
2025-10-01 16:45:00,REV,SHORT,0.12,TP_MEAN,519.63
2025-10-01 23:15:00,REV,LONG,0.19,TP_MEAN,520.64
2025-10-02 04:15:00,REV,SHORT,0.43,TP_MEAN,522.88
2025-10-02 10:00:00,REV,LONG,-0.56,SL_HIT,519.98
2025-10-02 13:00:00,REV,LONG,0.21,TP_MEAN,521.07
2025-10-02 14:30:00,REV,LONG,0.5,TP_MEAN,523.68
2025-10-02 18:00:00,REV,SHORT,-1.07,SL_HIT,518.06
2025-10-03 03:00:00,REV,SHORT,-0.68,SL_HIT,514.55
2025-10-03 16:00:00,REV,SHORT,-1.19,SL_HIT,508.43
2025-10-04 01:45:00,REV,LONG,-0.63,SL_HIT,505.24
2025-10-04 09:45:00,REV,LONG,-0.52,SL_HIT,502.62
2025-10-04 13:00:00,REV,LONG,0.08,TP_MEAN,503.01
2025-10-04 15:15:00,REV,LONG,-0.69,SL_HIT,499.56
2025-10-05 00:45:00,REV,LONG,-0.4,SL_HIT,497.56
2025-10-05 02:45:00,REV,SHORT,-0.64,SL_HIT,494.38
2025-10-05 09:30:00,REV,SHORT,0.35,TP_MEAN,496.12
2025-10-05 16:45:00,REV,SHORT,0.6,TP_MEAN,499.08
2025-10-05 19:45:00,REV,LONG,-0.87,SL_HIT,494.73
2025-10-06 01:15:00,REV,LONG,0.4,TP_MEAN,496.69
2025-10-06 04:45:00,REV,SHORT,0.22,TP_MEAN,497.76
2025-10-06 06:30:00,REV,SHORT,-0.72,SL_HIT,494.16
2025-10-06 13:30:00,REV,SHORT,-0.83,SL_HIT,490.04
2025-10-06 16:45:00,REV,SHORT,-1.18,TIME_STOP,484.27
2025-10-06 20:00:00,REV,SHORT,0.0,TIME_STOP,484.29
2025-10-06 23:00:00,REV,LONG,0.31,TP_MEAN,485.8
2025-10-07 02:30:00,REV,LONG,-0.73,SL_HIT,482.28
2025-10-07 04:30:00,REV,LONG,0.32,TP_MEAN,483.8
2025-10-07 08:00:00,REV,LONG,-0.88,SL_HIT,479.54
2025-10-07 13:15:00,REV,SHORT,0.4,TP_MEAN,481.48
2025-10-07 14:00:00,REV,LONG,-0.78,SL_HIT,477.7
2025-10-08 03:00:00,REV,SHORT,0.63,TP_MEAN,480.69
2025-10-08 09:15:00,REV,SHORT,0.34,TP_MEAN,482.34
2025-10-08 13:15:00,REV,SHORT,0.27,TP_MEAN,483.65
2025-10-08 14:45:00,REV,SHORT,0.72,TP_MEAN,487.13
2025-10-08 16:45:00,REV,LONG,0.65,TP_MEAN,490.29
2025-10-08 20:15:00,REV,SHORT,-0.47,TIME_STOP,487.98
2025-10-09 02:00:00,REV,LONG,-0.66,SL_HIT,484.77
2025-10-09 02:45:00,REV,LONG,-1.05,SL_HIT,479.68
2025-10-09 08:15:00,REV,LONG,-1.06,SL_HIT,474.61
2025-10-09 14:15:00,REV,LONG,0.39,TP_MEAN,476.48
2025-10-09 17:45:00,REV,LONG,0.5,TP_MEAN,478.87
2025-10-09 22:45:00,REV,SHORT,-0.63,SL_HIT,475.84
2025-10-10 03:30:00,REV,SHORT,-0.74,SL_HIT,472.33
2025-10-10 14:15:00,REV,SHORT,0.54,TP_MEAN,474.87
2025-10-10 15:00:00,REV,LONG,-0.98,SL_HIT,470.22
2025-10-11 19:45:00,REV,LONG,-1.94,SL_HIT,461.12
2025-10-12 09:45:00,REV,LONG,1.12,TP_MEAN,466.28
2025-10-13 01:30:00,REV,LONG,0.81,TP_MEAN,470.03
2025-10-13 07:15:00,REV,SHORT,-1.14,SL_HIT,464.67
2025-10-13 13:30:00,REV,LONG,2.53,TP_MEAN,476.43
2025-10-14 02:15:00,REV,LONG,-0.57,SL_HIT,473.72
2025-10-14 15:45:00,REV,SHORT,-1.41,SL_HIT,467.03
2025-10-15 08:30:00,REV,SHORT,-1.24,SL_HIT,461.26
2025-10-15 13:45:00,REV,LONG,-1.94,SL_HIT,452.33
2025-10-16 05:30:00,REV,LONG,0.53,TP_MEAN,454.74
2025-10-16 13:00:00,REV,SHORT,0.14,TIME_STOP,455.38
2025-10-16 14:30:00,REV,LONG,1.35,TP_MEAN,461.51
2025-10-16 15:45:00,REV,LONG,-1.4,SL_HIT,455.03
2025-10-17 06:45:00,REV,LONG,-1.58,SL_HIT,447.84
2025-10-17 23:00:00,REV,SHORT,1.32,TP_MEAN,453.75
2025-10-18 14:30:00,REV,LONG,0.65,TP_MEAN,456.7
2025-10-18 18:30:00,REV,SHORT,-0.89,SL_HIT,452.63
2025-10-19 03:15:00,REV,LONG,0.47,TP_MEAN,454.73
2025-10-19 06:15:00,REV,SHORT,0.35,TP_MEAN,456.34
2025-10-19 09:30:00,REV,LONG,0.67,TP_MEAN,459.42
2025-10-19 12:00:00,REV,SHORT,-1.53,SL_HIT,452.39
2025-10-20 00:00:00,REV,LONG,-0.65,SL_HIT,449.44
2025-10-20 06:30:00,REV,SHORT,-1.9,SL_HIT,440.92
2025-10-20 16:00:00,REV,LONG,-0.8,SL_HIT,437.39
2025-10-21 01:45:00,REV,LONG,-0.73,SL_HIT,434.18
2025-10-21 13:00:00,REV,SHORT,0.54,TP_MEAN,436.5
2025-10-21 14:45:00,REV,SHORT,-1.29,SL_HIT,430.87
2025-10-22 07:45:00,REV,LONG,0.72,TP_MEAN,433.97
2025-10-22 12:30:00,REV,SHORT,-1.04,SL_HIT,429.47
2025-10-23 05:30:00,REV,SHORT,0.54,TP_MEAN,431.78
2025-10-23 09:15:00,REV,SHORT,-0.13,TIME_STOP,431.23
2025-10-23 16:45:00,REV,SHORT,-0.94,SL_HIT,427.18
2025-10-23 19:00:00,REV,SHORT,1.17,TP_MEAN,432.2
2025-10-23 23:15:00,REV,LONG,0.67,TP_MEAN,435.1
2025-10-24 13:30:00,REV,SHORT,1.04,TP_MEAN,439.64
2025-10-24 17:15:00,REV,LONG,0.01,TIME_STOP,439.71
2025-10-24 22:00:00,REV,SHORT,-0.31,TIME_STOP,438.32
2025-10-25 00:30:00,REV,LONG,-0.42,SL_HIT,436.48
2025-10-25 12:00:00,REV,LONG,0.18,TP_MEAN,437.27
2025-10-26 11:30:00,REV,SHORT,-1.3,SL_HIT,431.56
2025-10-27 06:45:00,REV,SHORT,0.39,TP_MEAN,433.23
2025-10-27 09:45:00,REV,LONG,-1.37,SL_HIT,427.28
2025-10-27 17:15:00,REV,SHORT,-0.84,SL_HIT,423.69
2025-10-28 06:30:00,REV,LONG,0.45,TP_MEAN,425.59
2025-10-28 09:15:00,REV,SHORT,0.73,TP_MEAN,428.71
2025-10-28 14:45:00,REV,LONG,-1.16,SL_HIT,423.75
2025-10-28 20:15:00,REV,LONG,-1.6,SL_HIT,416.98
2025-10-29 06:30:00,REV,SHORT,0.25,TP_MEAN,418.04
2025-10-29 10:00:00,REV,LONG,-0.6,SL_HIT,415.54
2025-10-29 17:30:00,REV,LONG,0.67,TP_MEAN,418.32
2025-10-29 18:30:00,REV,SHORT,1.67,TP_MEAN,425.31
2025-10-29 22:30:00,TREND,LONG,-1.24,TREND_BROKEN,420.06
2025-10-30 04:15:00,REV,LONG,-1.28,SL_HIT,414.67
2025-10-30 20:45:00,REV,LONG,0.71,TP_MEAN,417.62
2025-10-31 12:45:00,REV,SHORT,0.68,TP_MEAN,420.46
2025-10-31 15:30:00,REV,SHORT,0.8,TP_MEAN,423.83
2025-10-31 16:45:00,REV,LONG,-1.05,SL_HIT,419.36
2025-11-01 20:30:00,REV,SHORT,-0.52,SL_HIT,417.17
2025-11-02 04:45:00,REV,SHORT,-0.51,SL_HIT,415.05
2025-11-02 08:30:00,REV,SHORT,0.12,TP_MEAN,415.57
2025-11-02 10:15:00,REV,LONG,-0.65,SL_HIT,412.86
2025-11-02 16:15:00,REV,LONG,0.91,TP_MEAN,416.63
2025-11-02 23:45:00,REV,SHORT,-0.98,SL_HIT,412.55
2025-11-03 23:45:00,REV,LONG,-0.11,TIME_STOP,412.1
2025-11-04 03:30:00,REV,SHORT,-1.44,SL_HIT,406.16
2025-11-04 05:30:00,REV,LONG,-1.69,SL_HIT,399.31
2025-11-04 13:30:00,REV,LONG,0.85,TP_MEAN,402.7
2025-11-04 14:45:00,REV,SHORT,-1.19,SL_HIT,397.92
2025-11-05 09:45:00,REV,LONG,1.4,TP_MEAN,403.47
2025-11-05 13:30:00,REV,SHORT,0.85,TP_MEAN,406.9
2025-11-05 16:45:00,REV,SHORT,-1.03,SL_HIT,402.72
2025-11-06 01:45:00,REV,LONG,0.81,TP_MEAN,405.99
2025-11-06 05:00:00,REV,SHORT,1.06,TP_MEAN,410.27
2025-11-06 15:15:00,REV,LONG,0.85,TP_MEAN,413.78
2025-11-06 17:45:00,REV,LONG,0.93,TP_MEAN,417.61
2025-11-07 01:00:00,REV,SHORT,0.76,TP_MEAN,420.8
2025-11-07 04:00:00,REV,SHORT,0.89,TP_MEAN,424.56
2025-11-07 08:45:00,REV,SHORT,1.0,TP_MEAN,428.81
2025-11-08 00:15:00,REV,LONG,0.85,TP_MEAN,432.44
2025-11-08 01:30:00,REV,LONG,1.4,TP_MEAN,438.49
2025-11-08 08:00:00,REV,LONG,0.43,TP_MEAN,440.39
2025-11-08 13:30:00,REV,LONG,-0.89,SL_HIT,436.45
2025-11-09 00:15:00,REV,SHORT,0.4,TP_MEAN,438.2
2025-11-09 10:45:00,REV,LONG,0.58,TP_MEAN,440.72
2025-11-09 12:15:00,REV,SHORT,-0.87,SL_HIT,436.9
2025-11-09 22:30:00,REV,SHORT,0.52,TP_MEAN,439.19
2025-11-10 07:45:00,REV,SHORT,0.85,TP_MEAN,442.93
2025-11-10 10:15:00,REV,SHORT,-0.83,SL_HIT,439.24
2025-11-10 12:45:00,REV,SHORT,0.48,TP_MEAN,441.37
2025-11-10 15:15:00,REV,LONG,-1.09,SL_HIT,436.53
2025-11-10 21:15:00,REV,SHORT,0.87,TP_MEAN,440.35
2025-11-11 05:15:00,REV,LONG,-1.59,SL_HIT,433.37
2025-11-11 14:45:00,REV,LONG,0.56,TP_MEAN,435.77
2025-11-11 23:30:00,REV,LONG,-1.21,TIME_STOP,430.49
2025-11-12 02:30:00,REV,SHORT,0.95,TP_MEAN,434.6
2025-11-12 08:15:00,REV,LONG,0.92,TP_MEAN,438.6
2025-11-12 10:00:00,REV,SHORT,-1.12,SL_HIT,433.68
2025-11-12 15:30:00,REV,LONG,-1.53,SL_HIT,427.04
2025-11-13 03:00:00,REV,SHORT,0.86,TP_MEAN,430.7
2025-11-13 06:45:00,REV,SHORT,-1.66,SL_HIT,423.56
2025-11-13 14:00:00,REV,LONG,-0.84,SL_HIT,420.02
2025-11-15 01:15:00,REV,LONG,0.97,TP_MEAN,424.12
2025-11-16 00:30:00,REV,LONG,-0.12,TIME_STOP,423.6
2025-11-16 02:00:00,REV,LONG,1.02,TP_MEAN,427.92
2025-11-16 07:15:00,REV,SHORT,0.53,TP_MEAN,430.17
2025-11-16 11:00:00,REV,SHORT,0.6,TP_MEAN,432.76
2025-11-16 16:15:00,REV,LONG,-1.25,SL_HIT,427.35
2025-11-17 09:00:00,REV,SHORT,0.57,TP_MEAN,429.77
2025-11-17 11:00:00,REV,SHORT,0.52,TP_MEAN,432.01
2025-11-17 13:15:00,REV,LONG,-0.81,SL_HIT,428.52
2025-11-18 14:30:00,REV,SHORT,-0.95,SL_HIT,424.44
2025-11-18 15:15:00,REV,SHORT,-1.19,SL_HIT,419.41
2025-11-19 00:45:00,REV,LONG,0.73,TP_MEAN,422.48
2025-11-19 04:30:00,REV,LONG,-0.92,SL_HIT,418.61
2025-11-19 14:00:00,REV,LONG,-0.91,SL_HIT,414.78
2025-11-19 16:15:00,REV,LONG,-1.81,SL_HIT,407.26
2025-11-19 21:15:00,REV,SHORT,-2.06,SL_HIT,398.87
2025-11-20 04:30:00,REV,SHORT,0.52,TP_MEAN,400.96
2025-11-20 06:30:00,REV,SHORT,0.83,TP_MEAN,404.27
2025-11-20 09:15:00,REV,SHORT,0.58,TP_MEAN,406.63
2025-11-20 14:15:00,REV,LONG,1.34,TP_MEAN,412.07
2025-11-20 16:00:00,REV,LONG,-1.3,SL_HIT,406.71
2025-11-20 23:30:00,REV,SHORT,0.97,TP_MEAN,410.66
2025-11-21 07:30:00,REV,LONG,-1.09,SL_HIT,406.21
2025-11-22 20:30:00,REV,SHORT,0.45,TP_MEAN,408.02
2025-11-22 22:45:00,REV,SHORT,-1.13,SL_HIT,403.42
2025-11-23 08:00:00,REV,LONG,0.77,TP_MEAN,406.54
2025-11-23 15:30:00,REV,LONG,0.67,TP_MEAN,409.25
2025-11-23 17:15:00,REV,SHORT,0.99,TP_MEAN,413.31
2025-11-23 22:30:00,REV,SHORT,-0.6,TIME_STOP,410.84
2025-11-24 10:00:00,REV,LONG,1.49,TP_MEAN,416.95
2025-11-24 14:30:00,REV,LONG,1.02,TP_MEAN,421.2
2025-11-25 09:15:00,REV,LONG,-0.7,SL_HIT,418.24
2025-11-26 01:45:00,REV,SHORT,-0.28,TIME_STOP,417.06
2025-11-26 06:00:00,REV,LONG,0.6,TP_MEAN,419.57
2025-11-26 14:45:00,REV,SHORT,0.71,TP_MEAN,422.53
2025-11-26 17:15:00,REV,SHORT,-1.26,SL_HIT,417.19
2025-11-27 02:45:00,REV,SHORT,0.86,TP_MEAN,420.8
2025-11-27 16:00:00,REV,SHORT,-0.73,SL_HIT,417.73
2025-11-28 00:45:00,REV,LONG,-0.62,SL_HIT,415.13
2025-11-28 19:00:00,REV,LONG,0.56,TP_MEAN,417.43
2025-11-29 04:45:00,REV,LONG,0.43,TP_MEAN,419.25
2025-11-29 13:15:00,REV,LONG,0.2,TP_MEAN,420.09
2025-11-30 22:00:00,REV,LONG,0.33,TP_MEAN,421.49
2025-11-30 23:45:00,REV,LONG,-0.7,SL_HIT,418.56
2025-12-01 11:15:00,REV,SHORT,-0.69,SL_HIT,415.66
2025-12-01 15:30:00,REV,LONG,-1.08,SL_HIT,411.16
2025-12-01 21:15:00,REV,SHORT,-1.17,SL_HIT,406.37
2025-12-02 15:00:00,REV,SHORT,-1.64,SL_HIT,399.71
2025-12-03 07:00:00,REV,SHORT,0.46,TP_MEAN,401.55
2025-12-03 14:45:00,REV,SHORT,0.98,TP_MEAN,405.5
2025-12-04 00:00:00,REV,SHORT,0.84,TP_MEAN,408.92
2025-12-04 05:45:00,REV,LONG,-1.05,SL_HIT,404.62
2025-12-04 12:30:00,REV,SHORT,0.67,TP_MEAN,407.32
2025-12-04 14:15:00,REV,LONG,0.56,TP_MEAN,409.6
2025-12-04 16:30:00,REV,SHORT,0.82,TP_MEAN,412.95
2025-12-05 02:30:00,REV,SHORT,-0.55,SL_HIT,410.67
2025-12-05 10:30:00,REV,LONG,0.82,TP_MEAN,414.05
2025-12-05 15:45:00,REV,SHORT,1.08,TP_MEAN,418.54
2025-12-05 16:30:00,REV,LONG,-1.12,SL_HIT,413.87
2025-12-06 01:00:00,REV,LONG,0.59,TP_MEAN,416.31
2025-12-06 07:00:00,REV,SHORT,0.52,TP_MEAN,418.48
2025-12-06 09:30:00,REV,LONG,0.54,TP_MEAN,420.74
2025-12-06 14:15:00,REV,SHORT,-1.0,SL_HIT,416.52
2025-12-06 18:45:00,REV,SHORT,0.66,TP_MEAN,419.28
2025-12-07 14:15:00,REV,LONG,-0.6,SL_HIT,416.75
2025-12-08 01:00:00,REV,LONG,1.01,TP_MEAN,420.97
2025-12-08 11:30:00,REV,SHORT,-0.97,SL_HIT,416.87
2025-12-08 14:30:00,REV,SHORT,0.68,TP_MEAN,419.72
2025-12-08 16:45:00,REV,LONG,-1.44,SL_HIT,413.68
2025-12-08 22:30:00,REV,SHORT,0.93,TP_MEAN,417.53
2025-12-09 06:15:00,REV,LONG,-0.7,TIME_STOP,414.62
2025-12-09 22:00:00,REV,LONG,1.02,TP_MEAN,418.85
2025-12-10 09:45:00,REV,LONG,0.41,TP_MEAN,420.57
2025-12-10 12:30:00,TREND,SHORT,-0.68,TREND_BROKEN,417.72
2025-12-10 18:30:00,REV,SHORT,-1.14,SL_HIT,412.98
2025-12-10 20:00:00,REV,SHORT,-1.76,SL_HIT,405.71
2025-12-11 14:30:00,REV,SHORT,0.68,TP_MEAN,408.48
2025-12-11 21:15:00,REV,SHORT,-1.74,SL_HIT,401.38
2025-12-12 07:45:00,REV,SHORT,0.6,TP_MEAN,403.79
2025-12-12 15:15:00,REV,LONG,-1.37,SL_HIT,398.26
2025-12-13 02:30:00,REV,SHORT,-0.89,SL_HIT,394.74
2025-12-13 08:15:00,REV,SHORT,-0.65,SL_HIT,392.17
2025-12-13 19:00:00,REV,LONG,0.6,TP_MEAN,394.51
2025-12-14 04:15:00,REV,LONG,-0.51,SL_HIT,392.51
2025-12-14 17:00:00,REV,LONG,0.21,TP_MEAN,393.35
2025-12-14 20:00:00,REV,LONG,0.66,TP_MEAN,395.96
2025-12-14 23:00:00,REV,LONG,0.51,TP_MEAN,397.99
2025-12-15 02:15:00,REV,SHORT,-1.35,SL_HIT,392.61
2025-12-15 07:45:00,REV,SHORT,0.86,TP_MEAN,395.99
2025-12-15 23:00:00,REV,SHORT,-1.43,SL_HIT,390.34
2025-12-16 13:30:00,REV,SHORT,0.77,TP_MEAN,393.36
2025-12-17 01:45:00,REV,SHORT,0.36,TP_MEAN,394.79
2025-12-17 03:30:00,REV,SHORT,0.48,TP_MEAN,396.7
2025-12-17 05:00:00,REV,LONG,-0.77,SL_HIT,393.63
2025-12-17 13:45:00,REV,SHORT,-0.55,SL_HIT,391.47
2025-12-18 02:00:00,REV,LONG,0.58,TP_MEAN,393.76
2025-12-18 06:00:00,REV,LONG,-0.77,SL_HIT,390.72
2025-12-18 09:00:00,REV,SHORT,1.19,TP_MEAN,395.38
2025-12-19 03:15:00,REV,SHORT,-1.08,SL_HIT,391.09
2025-12-19 14:15:00,REV,SHORT,0.49,TP_MEAN,393.01
2025-12-19 17:30:00,REV,SHORT,0.94,TP_MEAN,396.69
2025-12-20 09:00:00,REV,SHORT,0.44,TP_MEAN,398.43
2025-12-20 11:30:00,REV,LONG,0.41,TP_MEAN,400.05
2025-12-20 23:30:00,REV,LONG,-0.46,SL_HIT,398.21
2025-12-21 01:30:00,REV,LONG,-0.92,SL_HIT,394.54
2025-12-21 09:30:00,REV,SHORT,-0.5,SL_HIT,392.59
2025-12-21 13:00:00,REV,LONG,-0.82,SL_HIT,389.38
2025-12-22 07:00:00,REV,LONG,0.64,TP_MEAN,391.85
2025-12-22 14:45:00,REV,LONG,1.03,TP_MEAN,395.88
2025-12-23 02:00:00,REV,SHORT,1.22,TP_MEAN,400.7
2025-12-23 14:15:00,REV,LONG,0.91,TP_MEAN,404.36
2025-12-23 18:00:00,REV,LONG,0.77,TP_MEAN,407.46
2025-12-23 21:00:00,REV,SHORT,0.63,TP_MEAN,410.03
2025-12-24 10:00:00,REV,LONG,0.78,TP_MEAN,413.24
2025-12-24 16:00:00,REV,LONG,0.41,TP_MEAN,414.95
2025-12-24 22:30:00,REV,SHORT,-0.51,SL_HIT,412.84
2025-12-25 05:15:00,REV,SHORT,-0.09,TIME_STOP,412.48
2025-12-25 09:15:00,REV,SHORT,-0.47,SL_HIT,410.54
2025-12-25 17:00:00,TREND,LONG,0.21,TREND_BROKEN,411.42
2025-12-26 13:30:00,REV,SHORT,-0.96,SL_HIT,407.47
2025-12-26 15:45:00,REV,LONG,1.49,TP_MEAN,413.56
2025-12-26 23:45:00,REV,LONG,0.09,TP_MEAN,413.93
2025-12-27 04:45:00,REV,SHORT,0.54,TP_MEAN,416.15
2025-12-27 10:15:00,REV,SHORT,0.08,TP_MEAN,416.47
2025-12-27 14:30:00,REV,LONG,0.23,TP_MEAN,417.42
